id,title,upload_date,type,track_id
mLSRdi2o-EI,【チューリングラブ】仲良く歌ってみた【富士葵×ときのそら】,2021-12-01,1,
TgRLreIZiaE,ときのそら「HOT LIMIT」MusicVideo(Short ver.),2021-11-24,1,
BQ76G9I3gIc,【大人っぽく】エンヴィーベイビー【歌ってみた(cover)/ときのそら】,2021-11-09,1,
PixU3pgKlS8,【ロマンスの神様】お家で楽しく歌ってみた！【 #shorts 】,2021-09-23,6,
c6_gBYFh1pk,Magia ／ Kalafina （Covered by 富士葵×ときのそら×燦鳥ノム）【歌ってみた】,2021-08-28,1,
H-Gtd9zzeII,【cover/歌ってみた】ヴァンパイア/vampire【ときのそら】,2021-06-19,1,
9WjFVP0DBs0,【歌ってみた】妄想感傷代償連盟 ／ DECO*27【Covered by 朝ノ瑠璃×ときのそら】,2021-05-19,1,
QM20uZAv6kc,【SorAZ】聖少女領域 / ときのそら AZKi【歌ってみた】,2021-05-13,1,
glbYC6rBn3g,【SorAZ】君は僕に似ている / AZKi ときのそら【歌ってみた】,2021-05-01,1,
LPEE4MMDieo,I love you so much, I think I’m going to cry【Tokinosora/VTuber】,2021-03-17,0,
gTBEgaN9ZlI,『e-ma e-ma』歌って踊ってみた【ホロライブ / ときのそら】,2021-02-20,1,
N9Gqht8POm4,【KING】かっこよく歌ってみた(cover)【ときのそら】,2021-02-18,1,
T3lNQRaqZNs,【ちょっとdarkに】オートファジー（cover)【歌ってみた/ときのそら】,2021-01-27,1,
S3UOnkcbxjY,【胸キュンしながら】気まぐれロマンティック（cover)【歌ってみた/ときのそら】,2020-12-02,1,
0XW7d83XI_s,【ON STAGE!収録】ブルーベリームーン(Short ver.)MV【ときのそらオリジナル楽曲】,2020-11-23,3,
OG6yRuj3KkY,【ON STAGE!収録】Step and Go!!(Short ver.)MV【ときのそらオリジナル楽曲】,2020-10-15,3,
6262sH3SrIU,【SorAZ Special Live】紅藍クロニクル / SorAZ (ときのそら,AZKi)【#劇場版SorAZ】,2020-09-29,0,
wZHodOVE0sc,【爽やかに】ただ君に晴れ（Cover）【歌ってみた/ときのそら】,2020-09-27,1,
akFLlRmmIpw,【ふたりだけの歌よ】紅藍クロニクル / SorAZ【AZKi ときのそら】,2020-09-22,0,
COTlkuHohm0,【キメキメで】アンヘル【歌ってみた/ときのそら】,2020-09-13,1,
ITPpK7GXoEc,マイオドレ！舞舞タイム 【ときのそら＆さくらみこ×maimai でらっくす Splash 】MV,2020-09-08,0,
WKmzvtEv9Wc,【SorAZの】東京サマーセッション ときのそら & AZKi【夏の思い出】,2020-08-30,1,
x1_OmuQLRYU,【しっとりと】ダイアモンドクレバス/Diamond Crevasse(cover)【歌ってみた/ときのそら】,2020-08-26,1,
A4rwGGrBVrg,【ON STAGE!収録】ぐるぐる・ラブストーリー(Short ver.)MV【ときのそらオリジナル楽曲】,2020-08-20,3,
5yDNEmcKQFY,D/Zeal「餞の鳥」 / ときのそら × 星街すいせい(Cover),2020-07-30,1,
ZRwvRUjk1Qs,【元気いっぱいに】そばかす(cover)【歌ってみた/ときのそら】,2020-07-25,1,
Ur0K2WA67jw,【5人で】Alice in N.Y.【歌ってみた/ホロALICE】,2020-07-07,1,
APQZKmC11mc,青空のシンフォニー~short Ver.~【ときのそら初の作詞作曲】,2020-05-15,3,
yXM8kbfLGJo,【歌ってみた】猫猫的宇宙論 / ナユタン星人【ときのそら】
,2020-05-01,1,
7w3jBGX7UcY,【歌ってみた】おジャ魔女カーニバル!! / MAHO堂【ときのそら × Kotone(天神子兎音)coverコラボ】,2020-02-28,1,
tiTnyZ5QLao,【My Loving収録】刹那ティックコード【ときのそら/AZKi】,2020-02-27,0,
fR9g-xdFt2Q,【My Loving収録】Wonderland (Short ver.)MV【ときのそらオリジナル楽曲】,2020-02-06,3,
sf_crPbd-TQ,[I tried to sing] Venom / Tokino Sora (cover) [Kairiki Bear],2020-02-02,1,
G9SWOk2J6aw,【ときのそら/さくらみこ/夜空メル】blessing コラボ歌ってみた【ロボ子さん/大空スバル/AZKi】,2019-12-24,1,
c_YbCIqUHLo,【Tokino Sora】Clockwork Clown / 40mP【Cover】,2019-12-22,1,
AId5uW2OpNM,【Tokino Sora】Love Trial / 40mP【Cover】,2019-12-07,1,
f2gMOT8T7SE,【Azur Lane】Souzetsu Gekkou / Cover 【Tokino Sora Collab】,2019-11-27,1,
h7NE6BoTCIA,【SorAZ】 暁の車 歌ってみた AZKi & ときのそら【SEED】,2019-10-25,1,
ahsAXmCt2rU,【新曲】ときのそら 「フレーフレーLOVE」試聴動画（Short ver.）,2019-10-06,3,
ljIov4qdYic,【Tokino Sora】Comet Honeymoon【I tried to sing】,2019-09-28,1,
WF9P_NXHh5M,【ときのそら】スイートマジック【歌ってみた】,2019-09-19,1,
KqE7Bwhd-rE,【End of Summer】 Summer festival / Tokino Sora 【Cover】,2019-08-23,1,
_f9dG0Npfs4,【最後まで見てね】ゲーム新テーマソング！歌ってみた【ときのそら】,2019-07-20,1,
K7FqZJS-ZwA,【Tokino Sora & Roboco-san】Remote Controller【We tried to sing】,2019-07-19,1,
MHO8foVT5zI,[Adorable 3] Castle and Dragon (covered by Tokino Sora × Fuji Aoi × YuNi),2019-06-29,1,
4ZVOz63d6EQ,【歌ってみた】そらあお2人がお城でアニソンアレンジしてみた！【ときのそら×富士葵】,2019-05-24,1,
ZgXe8iB11pg,【歌ってみた】ときのそらちゃんとついにミュージカルコラボ！！【富士葵】,2019-05-17,1,
bcwApgI4fXo,ドーナツホール #アメノセイ #ときのそら 【歌ってみた】,2019-03-17,1,
9EP_QZfUYTY,【試聴】「世界は恋に落ちている」（Arranged by Yunomi）【「IMAGINATION vol.1」より】,2019-02-25,3,
rfONeeXgdCA,ときのそら 「コトバカゼ」Music Video（Short ver.）
,2019-02-25,3,
4w-etiVgAno,ときのそら 「ブレンドキャラバン」Music Video（Short ver.）,2019-01-10,3,
rbd-m8r5Ujs,【ときのそら×キノシタ】Dream☆Story【オリジナル曲・キャラソン】,2019-01-08,0,
NT6Pf28eCgQ,【Invasion】I tried singing 'Alien Alien' - Tokino Sora 【I tried dancing】,2019-01-02,1,
nP5mhWX2i0Q,【ときのそら × アゴアニキ】海より深い空の下【オリジナル・ボカロPコラボ第4弾】,2018-12-18,0,
MjkDaUwPzkU,【ときのそら × はるまきごはん】そんな雨の日には【オリジナル・ボカロPコラボ第3弾】,2018-12-12,0,
35fKzdDH654,檄!帝国華撃団 by燦鳥ノム・富士葵・ときのそら【歌ってみた】,2018-11-23,1,
Z9oZ4r0cxME,【ときのそら × シグナルP】Wandering Days【オリジナル・ボカロPコラボ第2弾】,2018-11-12,0,
gb_jfOQd64c,【Collab】 "Humorous Dream of Mrs. Pumpkin" 4 girls sing-a-long - Sora, Mari, Ao, YuNi,2018-10-31,1,
_TXMVoPB-fw,【ときのそら×銀河アリス】2人で脳漿炸裂ガール【歌ってみた×踊ってみた】,2018-10-25,1,
yVxmv4oqPzs,【Tokino Sora × 40mP】 Wistful Record 【Original・ボカロP Collab Part1】,2018-10-04,0,
FrdLDOeMoyg,【歌ってみた】rain stops, good-bye / におP【事務員Gさんのピアノにのせて】,2018-09-30,1,
RKigW0TteZY,【歌ってみた】海を泳ぐ月【ときのそら】,2018-09-03,1,
zsBD66Sa5Yg,【歌ってみた】サンドリヨン / ときのそら & バーチャルゴリラ,2018-08-14,1,
zcU6WIaT9DA,【歌ってみた】メランコリック【ときのそら】,2018-08-06,1,
wHw3jSvZxNI,【MMD公開】太陽系デスコ/ときのそら【歌ってMMDで踊ってみた】,2018-07-28,0,
owwXwGXUm0g,[Singing] OKAERI - Sena Wataru [soraSong],2018-07-08,0,
rn54OXCuTZs,【Cover】ライオン／May'n/中島愛 - 富士葵×ときのそらコラボ「そらあお」で歌ってみた,2018-06-08,1,
Pgmleabc1nQ,【歌ってみた】あの日見た空 - 山田アルテミス【soraSong】,2018-06-01,0,
OpJ5FrZdETI,あの日見た空 [ときのそらちゃんイメージソング]【#soraSong】,2018-01-15,0,
pKASI4dEG3A,[Singing] Me and You and Everyone! - Gyakushu no Akechi [soraSong],2018-03-15,0,
kTV6uSmiXEw,【歌ってみた】夢色アスタリスク - ていくる【soraSong】,2018-01-29,0,
BvlCYJ1XZ3Y,【Utano Sora】Konomedokino sora (The sky of early spring)【soraSong】-Rojiura Rock,2018-01-19,0,
dgIGzGZP_Kk,【一発どりで】ギラギラのサビを歌ってみた【#shorts】,2021-04-19,6,
NuxUU0RO4nY,HOT LIMIT,2021-11-23,2,
uv6VUiqkDHI,Taiyokei Disco,2021-11-23,2,
Jo0u34m6HuQ,Kaibutsu,2021-11-23,2,
yvfKJnuDK7s,Fansa,2021-11-23,2,
hFlfVwam9sw,MASAYUME CHASING,2021-11-23,2,
NUwMo_epcD8,Alien Alien,2021-11-23,2,
cblBnU6UL5Y,Uso,2021-11-23,2,
N1vLs-dZNWw,Butterfly,2021-11-23,2,
zPFxKxo1ZgM,Android Girl,2021-11-23,2,
EULWO7E4w8s,Akai Sweet Pea,2021-11-23,2,
6ELw8xouuww,Massara Blue Jeans,2021-11-23,2,
gJ7N2BQUsuY,Kono Sekai de,2021-11-23,2,
EJDQ5BMZKuM,ぐるぐる・ラブストーリー,2020-10-06,2,
IRl9SreAhG4,Chu-Chu-Lu,2020-10-20,2,
PiVmPN1FlVc,Dream☆Story,2019-04-25,2,
a8p0l7_h9Ys,コトバカゼ,2019-04-25,2,
G5Y4lDRHDrc,ブルーベリームーン,2020-10-20,2,
gUTehR_sCG0,刹那ティックコード,2020-03-03,2,
9BTqE6r4-N8,サヨナラブロッサム,2020-03-03,2,
JC_FYkbUbAE,青空のシンフォニー,2020-10-20,2,
DoecM99tPxw,リア/リモシンパサイザー,2020-10-20,2,
Bqj5DsHNJpE,空祭り,2020-10-20,2,
YWUyB1PupIc,Wonderland,2020-03-03,2,
dCkYVk-adow,フレーフレーLOVE,2020-03-03,2,
irPvyFjTZyA,Equation of Love,2020-03-03,2,
rR8Gv4S6n9c,メトロナイト,2019-04-25,2,
jFqLvrO3PvM,IMAGE source,2019-04-25,2,
SBGrvHpWu3Q,ヒロイック・ヒロイン,2019-04-25,2,
ctkmeD0BfNs,未練レコード,2019-04-25,2,
Rbyv6bw5QU8,海より深い空の下,2019-04-25,2,
uhdsIrVpCHg,ゆっくり走れば風は吹く,2019-03-03,2,
NpXw5EJgc3Q,おかえり,2019-04-25,2,
22KzOHuTiAQ,シーソーゲーム,2019-04-25,2,
P0GRz9bjPoE,冴えない自分にラブソングを,2019-04-25,2,
0h94NX0l99g,そんな雨の日には,2019-04-25,2,
XdXIrYzs9vk,ほしのふるにわ,2019-04-25,2,
k1woGOREGqc,紅藍クロニクル,2020-09-21,2,
bHkf0lAsqjE,Wandering Days,2019-04-25,2,
6KC2MOxWodY,コトバカゼ (Acoustic Arrange ver.),2021-09-07,2,
Mu0_CPHtv8s,Step and Go!! (Acoustic Arrange ver.),2021-09-07,2,
YQs69zsTrZ4,Wonderland (Acoustic Arrange ver.),2021-09-07,2,
eT8_U5D2,紅藍クロニクル,2020-09-21,2,
v3mb3tEcRzQ,紅藍クロニクル,2020-09-21,2,
XAj4MRlItts,【歌枠になりました】アルバム発売だね配信【#ときのそら生放送】,2021-11-23,5,
FNUSdLGDt_M,アルバム曲同時視聴したいのそら！【＃ときのそら生放送】,2020-10-15,5,
ck9MU0Cl3sw,【重大発表/BigNEWS】告知オリ曲歌枠【＃ときのそら生放送】,2020-10-08,5,
dpT6oEJhNmk,【重大発表】みんなと作り上げたいものがここにある…！【#ときのそら生放送】,2020-07-09,5,
dh7jMBeXkJ0,【5人集合】歌ってみた同時視聴会しちゃおう！【#ホロアリス】,2020-07-07,5,
H1ucwlweoPg,【#ときのそら生放送】とまらない感想会【ノンストップ・ストーリー】,2020-06-26,5,
wyo-pHxcPEc,【『Dreaming!』発売記念】アナタのお悩み…"コレ"で全部解決できるかも！？【※効能は個人差がありますが、自信あります！】,2019-03-27,3,
8ERmjY6GE8Y,ときのそらメジャーデビューアルバム『Dreaming!』CM,2019-01-10,3,
UWGffnBwccs,【soraSong】木の芽時の空 / feat.VY1,2018-01-08,0,
kF-wfsSBems,【soraSong】花時の空(original ver.) / feat.初音ミク,2019-10-06,0,
GMiqP675jjM,【soraSong】スイート・ホラー・プリンセス / feat.初音ミク,2019-04-12,0,
DDlbV2proK0,「IMAGINATION vol.1」15秒CM【ロボ子さん】,2019-03-01,3,
OVUzE7ow7Ts,「IMAGINATION vol.1」15秒CM【ときのそら】,2019-03-01,3,
-mIs2g2J6VM,【IMAGINATION vol.1】MV「プレパレード（Arranged by 未来茶オールスターズ）」-Short ver-【vol.1 参加者全員】,2019-04-14,3,
G-eozmDNr78,「IMAGINATION vol.1」15秒CM②【ロボ子さん】,2019-04-24,3,
T0OBsdA19fo,「IMAGINATION vol.1」15秒CM②【ときのそら】,2019-04-24,3,
FPfykYkboco,【IMAGINATION vol.2】こいのうた -Short ver-【AZKi＆戌亥とこ】,2019-10-31,3,
PfffHh-IOpE,【IMAGINATION vol.2】MV「帰りたくなったよ」-Short ver-【vol.2 参加者全員】,2019-11-25,3,
i7Pu1MgFr1U,【IMAGINATION vol.3】365日の紙飛行機 -Short ver-【犬山たまき＆夏色まつり】,2020-10-18,3,
d1P0EQKnjuo,【IMAGINATION vol.3】走れ！ -Short ver-【宗谷いちか＆角巻わため】,2020-10-20,3,
jSUv29L6cgY,【NEGI☆U】つまりはいつもくじけない！ -Short ver-【TVアニメ「ジャヒー様はくじけない！」第1クールエンディング主題歌】,2021-08-01,3,
QH462lSa1Go,【IMAGINATION vol.3】「大声ダイヤモンド」-Short ver-【vol.3 参加者集合曲】,2020-10-23,3,
afEVoAVTw9Y,AZKi / Creating World (Jun Kuroda Remix),2019-07-17,0,
-kxmdfv9Rk8,「VirtuaREAL.00 -Reverse-」ハートビート (tamu Remix) / AZKi,2020-01-14,0,
WRriSfNZYpw,「VirtuaREAL.00」ハートビート / AZKi,2020-01-14,0,
K70QcTledN0,【OFF VOCAL】輪廻るセカイと罪ノ果実/歌：アキ・ローゼンタール【アシノ/オリジナル曲】,2021-02-11,0,
TWwcyRb-1AI,輪廻るセカイと罪ノ果実/歌：アキ・ローゼンタール【アシノ/オリジナル曲】,2021-02-10,0,
yU5_w__2FBo,【ロボ子さん】secret base〜君がくれたもの〜【VTuberコンピレーションアルバム「IMAGINATION vol.1」】,2019-02-25,1,
YiQq1dHlKCo,【アイキス２ED曲】allegretto-そらときみ-【Vo.さくらみこ】,2020-10-30,1,
6EXysoJRuxc,【アイキス２ED曲】Cream+Mint【Vo.AZKi】,2020-10-16,1,
LaOo9OxKxPc,【アイキス２ED曲】as×sist ~甘えベタな私なりに~【Vo.さくらみこ】,2020-10-02,1,
M1U9STMqoy8,【アイキス２ED曲】Leaf ticket【Vo.AZKi】,2020-09-18,1,
oWm6PV3CqCA,【アイキス２ED曲】さくらんぼキッス ～爆発だも〜ん～【Vo.宝鐘マリン】,2020-09-04,1,
k12oVF-o528,【公式OP】「アイキス２」OPムービー【Vo.さくらみこ、宝鐘マリン、AZKi】,2020-08-26,0,
hAO1z4mh3oY,Kiss me! Choose me!,2020-12-08,2,
4fdkKR5OzUg,さくらんぼキッス ～爆発だもーん～ (cover),2020-12-08,2,
AqC4RE2JhhA,Leaf ticket (cover),2020-12-08,2,
Fhq8GIHxMHA,as × sist ～甘えベタな私なりに～ (cover),2020-12-08,2,
NK-JW5JcvLs,Cream+Mint (cover),2020-12-08,2,
SCHvgxnDIqM,allegretto ～そらときみ～ (cover),2020-12-08,2,
KSmUfu7X5uo,Kiss me! Choose me!,2020-12-08,2,
hYg9PoM4vt8,Kiss me! Choose me!,2020-12-08,2,
nna52QFodo4,Kiss me! Choose me!,2020-12-08,2,
LYFciXBcXIQ,「3時12分 / TAKU INOUE & 星街すいせい」MUSIC VIDEO,2021-07-14,0,
YO1V9fn7zYo,「Yona Yona Journey / TAKU INOUE & Mori Calliope」MUSIC VIDEO,2021-12-10,0,
h6pIQx8CKOM,１人でベイビー・アイラブユー/ covered by ロボ子さん,2021-02-16,1,
r3jigPQEz70,【BGM】Next_Wednesday 魂音泉/ロボ子cover【ループ用】,2021-01-31,1,
OSw_0FmjmEE,【MV】CROWN feat. Mori Calliope / BOOGEY VOXX,2021-10-29,0,
_cUTVL2Nj6o,【ロボ子さん×樋口楓】PLATONIC GIRL 【歌ってみた】,2018-10-08,1,
48DgT4-JYZA,【歌ってみた】少年と魔法のロボット【VTuberチャリティーライブ】,2018-09-20,1,
e_EqIA6ZWqs,[Singing] Akanbe, song by Roboco [Original PV #5],2018-05-03,1,
ue7mFSgBAH0,【#あんぽんたん姉妹】Crazy Party Night ～ぱんぷきんの逆襲～【歌ってみた】,2020-10-31,1,
fY1CQ5kSRxY,KING / covered by Roboco-san,2020-09-19,1,
vnnkX7SDDJs,👑 KanariaさんのKINGを歌ってみたプレミア同時視聴お喋り！！👑【ホロライブ/ロボ子さん】
,2020-09-19,5,
4HW_uALpFqk,【#あんぽんたん姉妹】同時視聴！今宵は無礼講！マシュマロも食べてやる～💕【ホロライブ】
,2020-10-31,5,
7h7NuUAd7yg,【ロボ子さん】アザミナ/VTuberオリジナル楽曲アルバム第3弾「VirtuaREAL.02」,2020-08-04,0,
c25iBKPN6w4,Bocca della Verità / covered by Roboco-san
,2020-07-07,1,
c5pQn326YU8,【雑談】歌ってみた同時視聴雑談！！ボクの歌を一緒にきこ～！【ホロライブ/ロボ子さん】,2020-07-07,5,
uc7I72C1giU,【誕生日に】バーモント・キッス/相対性理論 (K's Remix) - feat. ロボ子さん【歌ってみた】,2020-05-23,0,
ETckHHfH7EI,社畜の歌/original song ロボ子さんfeat.K's,2020-05-09,0,
TSZ9RlU6EXk,Song of Sketch / Mrs. GREEN APPLE (feat. Sonoko Inoue) covered by Rikka x Roboco,2020-05-04,1,
7Rh61nlWVyo,歌｜カントリーロード /K’s piano arrange ver｜ロボ子さん,2020-04-26,1,
ZshLem1OV7k,【オリジナルMV】曼珠沙華／ロボ子さん【歌ってみた】,2019-07-26,1,
HBV2WaULwEw,┗|∵|┓ 月曜日の憂鬱 / ロボ子さん【歌ってみた】,2019-07-20,1,
_txtx7llu50,【ロボ子さん】誕生日に HAPPY BIRTHDAY 【歌ってみた】,2019-05-13,1,
qge-EvTOzsk,[Roboco-san x Kaede Higuchi] Unwavering [I tried to sing],2019-05-05,1,
UXuMSLOUhgs,FICTION /ロボ子さん feat. キツネDJ【オリジナル曲】,2019-04-28,0,
Wo0LOk4R5Oc,【コラボ】「BOYS & GIRLS 3.0 feat. ロボ子」 / キツネDJ,2019-04-28,0,
RJwpJIe5FmY,[MMD public memorial] Please darling, I tried to sing [Roboko-san],2018-12-24,1,
Klsca1OcwH8,【ロボ子さん】メルティランドナイトメア【オリジナルMV】,2018-11-10,1,
_cUTVL2Nj6o,【ロボ子さん×樋口楓】PLATONIC GIRL 【歌ってみた】,2018-10-08,1,
48DgT4-JYZA,【歌ってみた】少年と魔法のロボット【VTuberチャリティーライブ】,2018-09-20,1,
HpzncO9R50s,ロボ子、せやなー一部だけ頑張ってみた,2021-11-30,1,
5A_RqpENxvg,🌱original song 『コトノハ』/ロボ子さん,2021-09-24,0,
ydprczRfM48,ロボティックガール - robocosan cover,2021-08-07,1,
5yLeO2KtgCI,てんしょうしょうてんしょう/ロボ子さん(Live cover),2021-06-10,1,
yfEUPlRuPac,裏方とタレントで『 動く、動く 』歌ってみた/ covered by ロボビタンA,2021-05-29,1,
sJZoMJfIpmA,小悪魔的に『 エンヴィーベイビー 』歌ってみた/ covered by ロボ子さん,2021-05-22,1,
JEmUxqYztAM,【 #ホロライブ9週連続リリース 】『Candy-Go-Round』リリース記念✨全員で収録裏話🎉【ホロライブ】,2021-01-16,5,
d2Pz5Y-bwdU,【Re：ゼロED】『Stay Alive』ロボ子さん(VARK LIVE version）- Cinderella switch ～ふたりでみるホロライブ～ vol.2 より,2021-04-26,1,
KdZg7_k7W-I,コトノハ,2021-09-24,2,
88UYLWDjomE,アザミナ,2020-07-30,2,
tcNlZyZlMk0,アザミナ (K's Remix),2021-09-01,2,
N029UUlH1Dc,フォニイ / 星街すいせい(Cover),2021-11-26,1,
XfzkyqTPafo,ぜんぶあんたのせい / 星街すいせい(Cover)
,2021-09-21,1,
aWv2KjaFqBA,Crazy:B「Honeycomb Summer」 / 戌亥とこ × 星街すいせい(Cover),2021-09-13,1,
3cqV5BKJHyk,comet/Hoshimati Suisei,2018-11-22,0,
zLak0dxBKpM,天球、彗星は夜を跨いで / 星街すいせい(official),2019-03-22,0,
vQHVGXdcqEQ,NEXT COLOR PLANET / 星街すいせい(official),2020-03-22,0,
IKKar5SS29E,GHOST / 星街すいせい(official),2021-04-13,0,
ZfDYRy17CBY,Bluerose / 星街すいせい(official),2021-06-25,0,
IqT6cHCT1TE,駆けろ / 星街すいせい(official),2021-08-07,0,
Mm87JgTx2Ao,【DanceMV】自分勝手Dazzling / 星街すいせい(official),2021-08-21,0,
a51VH9BYzZA,Stellar Stellar / 星街すいせい(official),2021-10-08,0,
NKQvH78Jv04,【COVER】SAIKAI | 再会【Moona x Suisei Hoshimachi | ムーナ／星街すいせい】,2021-12-03,1,
7wbd6ffvXm8,Cry Baby / 星街すいせい(Cover),2021-08-13,1,
z9tsfkdgByA,少女レイ / 星街すいせい(Cover),2021-07-27,1,
hiekN5DmNZE,【歌ってみた】Absolute 5 ／ ワルキューレ ‐ Covered by 朝ノ瑠璃/MaiR/星街すいせい/桃鈴ねね/亜玖魔サキ【TVアニメ「マクロスΔ」挿入歌】,2021-07-17,1,
edp420amW1s,Switch「イースター・カーニバル」/ 戌亥とこ × 星街すいせい(Cover),2021-06-30,1,
EjlMPu5sEgw,GETCHA! / calliope × suisei(cover),2021-06-15,1,
mLwtfg57kbs,KING / 星街すいせい(Cover),2021-05-08,1,
TkcCqYk_V1s,Secret Daybreak／星街すいせい×カグラナナ【歌ってみた】,2021-04-26,1,
68iRzgy6c00,Goose house「光るなら」 / 星街すいせい × 蒔田陽丸 × 楓山蓮太郎(Cover),2021-02-28,1,
KiUvL-rp1zg,Ra*bits「メルティ♡キッチン」 / 戌亥とこ × 星街すいせい(Cover),2021-02-14,1,
LpkWFnRPd-M,シド「乱舞のメロディ」 / 星街すいせい(Cover),2021-01-29,1,
-omKAd_sbFo,【歌ってみた】チューリングラブ feat.Sou / ナナヲアカリ【星街すいせい&響木アオ】,2020-12-27,1,
m-demdSHuYI,fine「Holy Angel's Carol」/ 戌亥とこ × 星街すいせい(Cover),2020-12-25,1,
yk51RdzaMUE,月陽-ツキアカリ-／星街すいせい＆天音かなた(Cover),2020-11-01,1,
vhmFj1owmuk,Valkyrie「今宵月の館にて」 / 戌亥とこ × 星街すいせい(Cover),2020-10-31,1,
a9EZ2KFTbYM,【朝ノ瑠璃×星街すいせい】アライブファクター／如月千早(今井麻美)＆最上静香(田所あずさ)【アイドルマスター ミリオンライブ！ 蒼の系譜】,2020-07-17,1,
HkMXq08WlJo,シャンパーニュ・デイ / 星街すいせい(cover),2020-06-28,1,
-wNSFmqhQsU,[Zombie Land Saga] Franchouchou "Saga Jihen / Hoshimachi Suisei with Hololive Fantasy,2020-05-27,1,
bE2oZdUH_ps,【歌ってみた】神のまにまに【出雲霞×星街すいせい×堰代ミコ】,2020-02-29,1,
qcQ9k7A5TDM,【歌ってみた】エイリアンエイリアン【出雲霞×星街すいせい×堰代ミコ】
,2020-01-26,1,
_PpTrPbRg0U,Guilty kiss「コワレヤスキ」/ 出雲霞×星街すいせい×堰代ミコ【歌ってみた】,2019-12-29,1,
dPTeBvVJ_xY,【プロメア】superfly「覚醒」/ 星街すいせい(Cover),2019-11-11,1,
WLj0Rg_bcvQ,【歌ってみた】Shine!!/CINDERELLA PROJECT【#20】,2019-02-13,1,
X1T9M4F8sKk,【歌ってみた】劣等上等【ルピナス&すいせい】,2018-12-26,1,
9pgap38Os_k,【歌ってみた】melty world【#18】,2018-12-24,1,
_8eUrkYNnLY,【歌ってみた】創聖のアクエリオン【#17】,2018-09-24,1,
PerzMoTou-k,【歌ってみた】ブルーバード【#15】,2018-08-13,1,
sm4KMKurd8E,【歌ってみた】メルティランドナイトメア【#07】,2018-04-30,1,
JiNIHQ28pGc,【CHUNITHM】自分勝手Dazzling / 星街すいせい(official),2021-08-17,1,
YeQexn5SUUA,3周年記念ライブアフタートーク＆新曲制作秘話【ホロライブ / 星街すいせい】,2021-04-14,5,
HZmPB0f3cbI,『e-ma e-ma』歌って踊ってみた【ホロライブ / 星街すいせい】,2021-02-20,1,
Ehm_A0pYQEM,LiSA『紅蓮華』 / 星街すいせい(Live-edition),2020-10-22,1,
toRPUSEVHfE,Yona Yona Journey,2020-12-08,2,
xPkFf2G60Jo,「3時12分 / TAKU INOUE & 星街すいせい」Teaser,2020-06-28,3,
15cJEHRccfc,"Suisei describes how she got to work with renowned Japanese composer, TAKU INOUE",2021-07-16,4,
xPkFf2G60Jo,「3時12分 / TAKU INOUE & 星街すいせい」Teaser,2021-06-28,6,
D9699zGTOBk,OUT OF FRAME,2021-10-21,2,
CPnDGycuw5o,The Last Frontier,2021-10-15,2,
-qnJEqg1iqo,comet,2021-06-28,2,
9FAjJP5um9c,駆けろ,2021-07-09,2,
OF3W2m4lh2M,天球、彗星は夜を跨いで,2021-07-09,2,
lq7I6dfg-_U,自分勝手Dazzling,2021-08-21,2,
NZCxCDh7HGE,バイバイレイニー,2021-08-21,2,
oFXIMQZfCCo,天球、彗星は夜を跨いで （Still Still Stellar ver.）,2021-09-28,2,
UWJtg6OGbeU,バイバイレイニー （Still Still Stellar ver.),2021-09-28,2,
-dgu3APsyZw,自分勝手Dazzling （Still Still Stellar ver.）,2021-09-28,2,
NbWT8nDunlw,comet （Still Still Stellar ver.）,2021-09-28,2,
tQRk5OFsGXo,Andromeda,2021-09-28,2,
X9sc0kxuo6I,Je t'aime。,2021-09-28,2,
rth4htqJ1ZQ,Starry Jet,2021-09-28,2,
gTtePNJPLoo,駆けろ （Still Still Stellar ver.）,2021-09-28,2,
8iin3HQpwSY,【original】かぷっとNight☆Sky【ホロライブ/夜空メル】,2021-10-23,0,
tftbi551s8Q,吸血鬼が歌う-ヴァンパイア-/夜空メル(cover),2021-08-15,1,
GegRa9yZUb4,【歌ってみた】スイートマジック/Covered by 癒月ちょこ&夜空メル【オリジナルMV/ホロライブ】,2021-02-14,1,
x-g0SeUJxsI,【バレンタインに】BABYMETAL- ギミチョコ！！- Gimme chocolate!! （cover）東雲めぐ＆メルティキッス（夜空メル＆癒月ちょこ）【歌ってみた】,2021-02-14,1,
G9VbKTpaff0,🌟吸血鬼が「気まぐれロマンティック」歌ってみた【ホロライブ/夜空メル】,2020-04-02,1,
ix3WUx25xII,【ホロライブ】魔界組5人で「Crazy ∞ nighT」歌ってみた☆,2020-03-30,1,
KhrPiFZ4Sm8,🌟吸血鬼が「ディスコミュ星人」歌ってみた【ホロライブ/夜空メル】,2020-03-09,1,
jW4q0w6CCIo,【#夜空メル】吸血鬼が『愛言葉』歌ってみた！【１周年ありがとう】,2019-06-24,1,
Mmlj3WUBHbc,【#夜空メル】吸血鬼が『ビバハピ』踊って歌ってみた！【ホロライブ】,2019-04-22,1,
R4PEMkDb418,『バレンタイン・キッス』を金髪4人で歌ってみた♡,2019-02-14,1,
NIv_yYKl9tQ,『旅の途中』 Ninomae Ina'nis (Cover),2021-12-03,1,
xfCUh2lQZt8,踊って歌うダーリンダンス♡#shorts,2021-08-03,6,
8cMrEjvIDAU,かぷっとNightSky,2021-10-26,2,
Qk9ln355wlc,Leia (yuyoyuppe) cover by Hoshimachi Suisei【Hololive/星街すいせい】,2021-09-18,4,
WAKJyqYk7Yc,Angelfish (Cover) By Suisei Hoshimachi and Amane Kanata,2020-08-18,4,
gCiz-3l9Caw,【星街すいせい・戌亥とこ】 砂上ノ楼閣/ Valkyrie【歌切り抜き】(2020/03/15) Hoshimachi Suisei/Inui Toko,2021-05-22,4,
JTFhCvxq3cE,Sui-chan - Fuyuzora Precious,2020-07-26,4,
x17mr-iWcCs,【星街すいせい】祭夜絵巻/紅月 【歌切り抜き】(2020/01/02) Hoshimachi Suisei,2021-05-22,4,
K6y1CHLQqCA,【星街すいせい】 少年少女モラトリアムサヴァイヴ/ 西沢さんP【歌切り抜き】 (2019/12/15) Hoshimachi Suisei,2021-05-22,4,
ebqWoRvFPo4,【星街すいせい】礼賛歌/ Valkyrie【歌切り抜き】 (2019/12/13) Hoshimachi Suisei,2021-05-22,4,
74FhKG98520,"(Hololive Archive)【ホロライブ】「ジングルベル」を3人で歌ってみた【夜空メル×戌神ころね×大神ミオ】- Mel, Korone, and Mio sing Jingle Bells",2020-12-25,4,
ZwjUkidqGbU,【ホロライブ】「ジングルベル」を3人で歌ってみた【夜空メル×戌神ころね×大神ミオ】,2019-12-26,1,
yNEZza6csPQ,【好きって言って！】『おじゃま虫』を2人で歌ってみた♡【夜空メル×童田明治】[Archive],2021-04-23,4,
It7Cde_kADc,【好きって言って！】『おじゃま虫』を2人で歌ってみた♡【夜空メル×童田明治】,2019-09-11,1,
I6EN2Uo38O8,【周防パトラ×夜空メル】『DANZEN!ふたりはプリキュア』を２人で歌ってみた❤【ハニスト×ホロライブ】[Archive],2021-04-23,4,
hTYGZWDiVIA,【周防パトラ×夜空メル】『DANZEN!ふたりはプリキュア』を２人で歌ってみた❤【ハニスト×ホロライブ】,2019-06-09,1,
CLOiomTlPLg,【MV】さようなら、花泥棒さん / Sayounara, Hanadoroubou-san《Yozora Mel》",2021-06-05,4,
aDJRQVpq0p8,夜空メル Snow Song Show (B站搬運),2021-04-17,4,
21AyxKg3-2M,『１３日の金曜日！』ハム＆ナゴwithフブキ【オリジナル即興ソング】,2019-12-15,0,
gRr4fDVpw2c,【ゆるキャン△EDver】ふゆびより/白上フブキ【歌ってみた】,2020-02-04,1,
NJSH0McCpwI,【世話やきキツネの仙狐さん】もっふもふ DE よいのじゃよ TV ver./白上フブキ【歌ってみた】,2019-07-03,1,
V6RROopwuOg,ビターチョコデコレーション／ 白上フブキ,2020-01-06,1,
pFgUluV_00s,Say!ファンファーレ!/白上フブキ【オリジナル曲】,2020-01-23,0,
R_gGlLTA3VM,StaRt/Mrs. GREEN APPLE：白上フブキ(1Chorus),2020-06-14,1,
q6pJ3mlYYEY,【即興オリ曲】こじらせバレンタイン【ホロライブ/白上フブキ】,2021-02-14,0,
dPX0_IEXVRo,シル・ヴ・プレジデント／白上フブキ(Cover),2021-12-05,1,
RrsGNMMghKM,【水着で踊る特別版MV】VTuber事務所「ホロライブ」公式曲第1弾『ShinySmilyStory』試聴動画 【 #ホロライブサマー 】,2019-08-15,3,
m1mbRCgWO90,ガヴリールドロップキック / covered by 犬山たまき×神楽めあ×湊あくあ×白上フブキ,2020-01-14,1,
LlwxRcUFNV8,【Vtuber６人で】バレンタイン・キッス 歌ってみた 【日ノ隈らん / あにまーれ】,2020-02-14,1,
uqQLrla5pDI,【オリジナルソング】ミルクティー,2019-02-15,1,
0yeg4XkzrMI,【ロッテCM曲】VTuber17名で「ベイビーアイラブユーだぜ」をやってみた【ぴろぱる】,2018-12-25,1,
BMBK0qEtPTw,【VTuber28人合唱】Vital-バイタル-【オリジナル曲】,2019-11-30,0,
V8aGtJURz88,【にじさんじ×ホロライブ】『お願いマッスル』/白上フブキ＆舞元啓介【歌ってみた】,2019-08-19,1,
ltUNmsplViI,鈍感彼氏/白上フブキ【カバーソング】,2020-02-14,1,
gekKWg0yoOE,【アカペラ】夜に駆けるFUBUKI,2020-08-14,1,
gAzvqsE81xA,[1.Chorus:アカペラ]君の虜になってしまえばきっと…/summertime　cinnamons × evening cinema,2020-09-16,1,
r4yV5Qujcag,【アカペラ】白金ディスコ:1Chorus【白上フブキ/ホロライブ】,2020-10-21,1,
Rpl2x8c5ZoU,【アカペラ】小さな恋のうた:1Chorus【白上フブキ/ホロライブ】,2020-10-31,1,
6qESBvBUqus,SoundHorizon「朝までハロウィン」(Cover)/ 角巻わため ×白上フブキ ×不知火フレア【#バカタレ共】,2020-11-01,1,
49hhGHTKHLs,【歌ってみた】チューリングラブ/ナナヲアカリ(1Chorus Cover)【白上フブキ/荒咬オウガ/影山シエン】,2021-01-16,1,
AW7HXLmSdQA,【歌ってみた】終端の王と異世界の騎士 〜The Endia & The Knights〜 ／ Sound Horizon【朝ノ瑠璃／戌亥とこ／奏みみ／白上フブキ／ドーラ／富士葵】,2020-11-14,1,
axZ9LYMvrPo,【歌ってみた】MOON PRIDE / ももいろクローバーZ【朝ノ瑠璃×戌亥とこ×白上フブキ×樋口楓×宝鐘マリン】美少女戦士セーラームーンCrystal OPテーマ / SailorMoon,2020-08-17,1,
Lhu7zb1hers,Gimme吟味virtuaる最高star!!!! feat. さくらみこ・白上フブキ・夏色まつり・宝鐘マリン /sasakure.UK,2021-02-25,0,
a0SG81WgSWw,"Gimme吟味virtuaる最高star!!!! (feat. さくらみこ, 白上フブキ, 夏色まつり &...",2021-02-24,2,
6Wbto57VKWk,うまぴょい伝説 /Cover ホロライブ,2021-10-03,1,
rzV_EmHIvlo,ファンサ／角巻わため(Cover),2021-10-13,1,
5RsoRC9t3no,おこちゃま戦争/白上フブキ&荒咬オウガ(Cover),2021-10-17,1,
cbKfZy5Jpgk,Monster - 嵐／OKFAMS cover.,2021-10-29,1,
Mb2oMO-SK7w,【ロボ子さん・白上フブキ】嗚呼素晴らしきニャン生【ドーラ・鷹宮リオン】,2018-11-30,1,
bo-d5DD-qnY,FOX KAWAII SONG,2020-08-10,1,
rOzbIC_DRtA,【アカペラ】恋の三角海域SOSに飲み込まれたFUBUKI,2020-08-16,1,
Maj14yvt1Cs,今日の日はさよなら/アカペラ,2021-02-06,1,
1mDi07WK79g,ねぇ、好きって言って。,2021-01-28,1,
PRIRp-Put2g,香水/1Chorus[アカペラ],2021-01-18,1,
ow8IsNE5HCg,PERFECT CLAP,2021-01-12,1,
5FCC1VaOrK0,お正月じゃい,2020-12-30,1,
bpSFBIA2fGw,寝れない皆へこもりうた,2020-12-21,6,
gyzegaciV2s,｢アカペラ｣WILD CHALLENGER/ボボボーボ・ボーボボ｢1Chorus｣,2020-12-10,1,
Vh2mf8wDbHs,うまうまっあー！,2020-12-04,1,
iix0fCbyfZs,Do you know.ジョジョ～その血の運命～?[JOJOFUBUKI],2020-08-12,1,
-PPay9D1CSQ,ヴィーナス白上のアカペラ,2020-08-11,1,
vYUWNHCv6DU,SPARKING!FUBUKI!!!,2020-08-14,1,
TYNSB9qYY5A,I'm Scatman Fubuki (Reupload),2021-04-18,4,
Y1So82y91Yw,Im Scatman 3DDANCE,2019-10-12,1,
UZnIHM2dQvA,Astronomia FUBUKIDANCE,2020-04-22,1,
Us_V4F6uBoo,最終鬼畜狐,2020-02-28,1,
aD6AHFpUEuU,朝までハロウィン.short /SoundHorizon,2019-11-06,6,
nu1s8Ph5nwM,輪廻るセカイと罪ノ果実 (feat. アキ・ローゼンタール),2020-05-08,2,
msUQKpfD9pw,FINE!! (feat. 白上フブキ),2020-03-22,2,
M6YIxNOmMoE,Call Our Name (feat. 白上フブキ),2020-03-22,2,
PVgxBPStdzg,Play the Game (feat. 白上フブキ),2020-03-22,2,
NNT0MV2Tsxo,Brand New Life,2019-09-03,2,
CfjVAXU486I,ねぇ…,2019-09-03,2,
WwtwOt9kXDo,April,2019-09-03,2,
2lqn9oDOBsU,March Bossa,2019-09-03,2,
6oWSJ7YfvEk,FAMS,2019-09-03,2,
0ExV_DybnhA,Petit Swing,2019-09-03,2,
upq3oD3L1TU,TOKIWA,2019-09-03,2,
XnHO5oVGosQ,Sweeping,2019-09-03,2,
uc7I72C1giU,【誕生日に】バーモント・キッス/相対性理論 (K's Remix) - feat. ロボ子さん【歌ってみた】,2020-03-23,1,
dHnFHQSGK3Q,ルーザーガール / ツユ (Covered by 夏色まつり)【オリジナルMV】,2021-07-25,1,
-ivI-Vb920I,【オリジナル曲】HiHiハイテンション!,2021-07-22,0,
yXUPlFjikr0,太陽になれるかな / ツユ (Covered by 夏色まつり),2021-06-25,1,
Ru7OFsuHa8s,くらべられっ子 / ツユ (Covered by 夏色まつり),2021-05-26,1,
2ys9IS5r9yA,空色デイズ Sorairo Days / 中川翔子 (Covered by 夏色まつり＆Gawr Gura),2021-03-30,1,
VbLsb2t1qzI,チューリングラブ / ナナヲアカリ feat. Sou (Covered by 律可&夏色まつり),2021-01-20,1,
MZm_Xy2zJq8,「ぼくの夢、メチャクソ無限湧き」ARuFa / 夏色まつりcover,2020-06-27,1,
1-WEQGg,君と眺める夏の花 / 夏色まつり【オリジナル曲】,2020-06-20,0,
phGUYXm1e_I,Colorful World / 夏色まつりcover ( 1cho.ver ),2020-06-14,1,
Z-q5aJm0UJE,DADDY ! DADDY ! DO ! / 鈴木雅之 feat. 鈴木愛理 (Covered by 律可&夏色まつり),2020-05-15,1,
1KyLE_Ejf-U,Preserved Roses / T.M.Revolution×水樹奈々(Covered by 夏色まつり&律可),2020-04-18,1,
9nD7aQ_cKAM,【兎田ぺこら/さくらみこ】バレンタイン・キッス　歌ってみた【宝鐘マリン/夏色まつり】,2020-02-14,1,
j84IEsVYGyE,白日 / King Gnu (Covered by 夏色まつり&律可),2019-12-01,1,
kUxl0rkmD08,[Anime?] Death Should Not Have Taken Thee! Cover [Natsuiro Matsuri x Nakiri Ayame / hololive],2019-12-30,1,
MNcnT8wBcdw,心做し / 夏色まつり cover【オリジナルPV/4K】,2019-12-13,1,
hRGU2UEh3Qo,マリーゴールド(あいみょん) / 夏色まつり cover,2019-10-06,1,
C4IATezjOoI,アカリがやってきたぞっ / 夏色まつり【歌ってみた】,2019-09-12,1,
d71E3pHzibw,夏祭り / 赤井はあと×夏色まつり【歌ってみた】,2019-09-06,1,
TT6gTs2B1Uw,Kataomoi (Aimer) / Natsuiro Matsuri cover,2019-06-25,1,
0Dr_qvnXJPE,君の知らない物語(supercell) / 夏色まつり cover【アコギver】,2019-08-31,1,
z2pWWKSPofA,【Singing】Sweet Magic 【Natsuiro Matsuri x Murasaki Shion】,2019-03-14,1,
kMPx3AHvwtA,【歌ってみた】お願いダーリン ／夏色まつり,2019-02-14,1,
nZ-g1pPNfts,【歌ってみた】好き！雪！本気マジック ／夏色まつり,2018-12-25,1,
xpUQ-5dSJTk,【HoneyWorks】ファンサ／夏色まつり cover,2019-08-03,1,
-wV0AH0u8ik,楓 / スピッツ (Covered by 夏色まつり&律可),2020-09-15,1,
JonQ09L2N0U,ワタシノテンシ / 夏色まつり cover【オリジナルPV】,2020-10-10,1,
IpO7fxGw5V8,「風吹けば恋」short ver. -IMAGINATION vol.3 収録-,2020-10-17,1,
Pw6X2mocMRQ,月曜日の憂鬱 / 夏色まつり cover,2020-10-18,1,
f4dJFe4MGcs,KING／夏色まつり cover【歌ってみた】,2021-01-10,1,
Mm8Ej2xG_O8,SummerTime / cinnamons × evening cinema(Covered by 夏色まつり&夕刻ロベル),2021-08-18,1,
ZGYT1x4bNUo,シンデレラ/夏色まつり(cover),2021-09-30,1,
R9E1wQDkJh4,【08/18】アヤノの幸福理論 Ayano's Happiness Theory — Natsuiro Matsuri【ENG/JP Lyrics】【夏色まつり／hololive ENGSUB】,2021-11-25,4,
1mOL7Hi46h8,【歌ってみた】未練レコード Miren Record / Wistful Record／夏色まつり【ときのそら × 40mP】,2018-11-13,1,
BKDn2c8RW8I,【歌ってみた】未練レコード Miren Record / Wistful Record／夏色まつり【ときのそら × 40mP】,2021-07-08,4,
LQRiuO05RM4,【夏色まつり】君と眺める夏の花【VTuberイメージソング】,2018-07-21,0,
dezfnxL_7ZQ,Hotto Dogu song 🌭,2020-09-23,1,
gAEMHSZ1MeE,matsuri Hotto Dogu song 🌭,2020-09-26,4,
LPpDDSajl1M,ヤングドーナツのうた / #夏色吹雪 cover,2020-07-22,1,
ufZmpbMAotI,カブトムシ 1cho.ver/aiko(Covered by 夏色まつり&律可),2020-03-16,1,
ay-DgY2YJNU,[Hololive Cover Archive] Natsuiro Matsuri 夏色まつり - Ohimesama ni naritaino! おひめさまになりたいのッ！,2020-10-18,4,
M54lWfRQgz8,【白上吹雪生日プレゼント】そばにいて - 夏色まつりcover,2021-03-26,4,
rfWJnfbMj94,【夏色まつり】Summer Color Festival!!!【VTuberイメージソング】,2019-07-20,1,
Tx53pccq79w,Natsuiro Matsuri - Onegai Muscle (Cover),2020-08-02,4,
RnUEK9-7xvs,Ai Kotoba Ⅲ by Natsuiro Matsuri,2020-09-01,4,
49MkAi_0GLQ,君と眺める夏の花 (feat. 夏色まつり),2021-08-25,2,
vVmDxLy0uFY,HiHiハイテンション！,2021-07-22,2,
wtzsiwOTGGA,チチンプイプイ/夏色まつり(cover),2021-12-13,1,
UXQDUhSr8nU,シネマ / 星街すいせい×奏手イヅル×アステル･レダ(Cover),2021-12-13,1,
T3VxM1ae9uM,daze/じん ft.メイリア from GARNiDELiA//アキ・ローゼンタール(cover),2021-10-11,1,
QP-caiSnm2Q,BLACK SHOUT/Roselia【 Coverd by ロボ子さん&アキロゼ】,2021-06-29,1,
eN--w_NA6hs,【Original】ヒロインオーディション 3DMV【ホロライブ/アキ・ローゼンタール,2021-03-17,0,
S6kXAzNbG-4,【Belly Dance Akirose】月と太陽のめぐり【ホロライブ/ #アキロゼ】,2021-03-23,1,
3y5-Fl2ExIA,【ローゼンメイデン】聖少女領域/coverd Aki Rosenthal【歌ってみた/4K】,2020-12-04,1,
MSX8QbJR0eQ,気まぐれメルシィKimagure Mercy/アキ・ローゼンタール【歌ってみた】,2020-10-11,1,
Ii7rtNaGlls,【3DMV】シャルイース /Aki Rosenthal【ホロライブ|民族調オリジナル】,2020-06-29,0,
FZ_Ncg2Ho6M,【back number】クリスマスソング /3DオリジナルMVアキロゼ【歌ってみた】,2019-12-24,1,
IN0KT2ABM10,【KOKIA】I believe -海の底から-【cover/Aki Rosenthal】,2019-03-10,1,
Tvx2UWi59pQ,未練レコード【ときのそら × 40mP】歌ってみた/アキロゼcover,2018-10-09,1,
8c7ZHCnQKDQ,kawaii ASMR music『Chocolate Pandemic』キミの元に出荷します🍫【kAmP/アキロゼ（ホロライブ）】,2020-02-14,0,
8fqjcg2uRYs,kawaii ASMR music 360°VR MV『Nekoze Punch!!』 朝ですよ～！【kAmP/アキロゼ】,2019-12-25,0,
BmHBJg7_4jE,三月のパンタシア-コラージュ『 衛宮さんちの今日のごはんED』Hololive/アキ・ローゼンタール(Cover),2020-09-20,1,
4t1QBusdAwk,【ドMホイホイ】タイトルなんて自分で考えなさいな【Cover/#アキ・ローゼンタール】,2020-11-03,1,
PLSFufsW8tU,【 #ホロライブ9週連続リリース​ 】『Suspect』Release!!みんなで収録裏話【ホロライブ/ロボ子さん 百鬼あやめ アキロゼ】,2021-02-02,5,
REDsLGiscdo,シャルイース,2020-07-17,2,
iuA06PWPB9U,ヒロインオーディション,2021-02-17,2,
PlMoajtO-Qw,ミラクルペイント OSTER project【アキロゼcover】歌ってみたボカロ,2018-12-24,1,
cT-E4SiE7n8,【歌ってみた】115万キロのフィルム / Official髭男dism covered by岸堂天真【ホロスターズ】,2021-12-14,1,
A9HY4DsRTCg,1st Single 【 REDHEART 】,2021-01-11,0,
9mj2QJE-UOI,Original song【 Infinity 】,2021-06-03,0,
_uMQCVHdwUI,Infinity 【3DLIVE】,2021-11-19,0,
Z8TnOhIxN90,ECHO/赤井はあと【歌ってみた】,2019-06-02,1,
mRCfFS0SsCk,THE MOST CRAZY VIDEO.,2021-09-07,1,
NvOHijJqups,Ievan Polkka　ロイちゃま,2020-11-20,1,
IT186xDTwUU,HAACHAMA COOKING SONG♪,2020-12-12,0,
QLCcomFf8Yc,Senbonsakura/English version (covered by Akai Haato),2020-01-20,1,
N0vBDacTJ9k,POPIPO HAACHAMA,2021-01-27,1,
oyeunIMPYKo,We will rock you / HAACHAMACHAMA ver,2020-09-22,1,
mB2hfFe3geg,"John Denver - Take Me Home, Country Roads (Cover by Akaihaato)",2020-12-05,1,
mKORVdoWU2E,Sweets parade/赤井はあと 【歌ってみた】,2018-12-21,1,
IGmnlol_7Xk,HAACHAMA HORROR SONG,2020-12-10,0,
UdNsz8y3Bwg,INSANE CRAZY VIDEO,2020-07-13,0,
ENSxJQ1o2ZA,【10万人記念】私、アイドル宣言/赤井はあと【歌ってみた】,2019-09-27,1,
iO49k8GEVhI,Country Road/ John Denver,2019-12-08,6,
FUc8LdBiyIE,Last Christmas/Wham! Akaihaato,2019-12-12,1,
I5hi2-Un4lw,We Wish You a Merry Christmas/Christmas song Akaihaato,2019-12-16,1,
YsETa3OIe8M,『Silent Night』/Christmas Carols Akaihaato,2019-12-25,1,
JR6kZQMFBa0,YOU ARE OTAKU!!!,2020-06-21,1,
BwV1o4fkKcA,All degenerates listen it!!!!!,2020-06-14,1,
t2OMO4LPfSQ,WTF IS THIS !?,2020-06-23,1,
Cfo9ZDTrKMs,HIHIHAAACHAMAAAAAAAAAAAA,2020-06-30,1,
OfMvQ9TmJTc,RAP God chama,2021-12-02,0,
dEbxC5S2Rwo,KUSA FEET RAP,2021-12-07,0,
iQroU4ZRgE8,I Will Rock You,2021-12-04,0,
2BEBK9oS5hk,I Love You,2021-12-06,0,
IkqhK72hE4I,YABE YABE RAP,2021-12-06,0,
uk9IUTeUesc,DIS RAP,2021-12-13,0,
9qZvzL7Qfcw,THE END,2021-12-14,0,
pkGvRvyEItM,Akaihaato - REDHEART 1st original song,2020-06-06,3,
RtQSA2ZFYw0,💓Dua Lipa - Don't Start Now ( cover by Akaihaato ),2020-06-02,1,
CP3U4kMeoX4,Ed Sheeran - Shape Of You (cover by Akaihaato),2020-05-20,1,
NaPfcTetF-M,All I Want For Christmas Is You - Mariah Carey (cover) by Akaihaato,2019-12-24,1,
g9PVBxYnQA8,【替え歌】修羅場カップルが「Lemon」歌ったら酷いことになった...【ホロライブ/赤井はあと】,2020-05-10,1,
QqwPBZXtzF4,Lemon by Akai Haato [ENG SUB][MTL],2020-05-11,4,
iKZYJWxuLC8,【歌ってみた】World is Mine/ワールドイズマイン【赤井はあと】,2020-02-27,1,
186mRykKdAc,World is Mine/Akai Haato,2020-08-21,4,
X9zw0QF12Kc,サクラカゼ / さくらみこ【オリジナル曲】,2020-03-27,0,
Y8o4goeVM0o,マイネームイズエリート☆ / さくらみこ【オリジナル曲】,2019-02-26,0,
HiLnCY9qjSo,さくら色ハイテンション！ / さくらみこ【オリジナル曲】,2020-12-23,0,
8ZVrn4lHLqw,【Original】花月ノ夢 【hololive/さくらみこ】,2021-08-28,0,
K57XcDsUl6A,【100万人記念に】みこちがやってきたぞっ - アカリがやってきたぞっ / Covered by さくらみこ【歌ってみた】,2021-07-05,1,
IZWuK1ljlS0,【新衣装で】DECO*27 - 愛言葉Ⅲ feat. 初音ミク/covered by さくらみこ【4K/歌ってみた】,2020-01-01,1,
z4Md4zHQWJ8,【1周年記念】ユキトキ 歌ってみた 【オリジナルMV/4K】さくらみこ cover.,2019-08-03,1,
uRB1G0cKpIk,【#ホロWACCA】『ぺこみこ大戦争！！』フルMV【さくらみこ/兎田ぺこら ホロライブ】,2020-11-16,0,
MkSkQBIhGus,【2人で】POPP​Y PAPPY​ DAY 歌ってみた【#みっころね24】,2019-09-24,1,
VeWlafLgrMs,【试着唱了下】夢路らびりんす/Urara迷路帖OP - Short ver -【REALITY】,2018-09-20,1,
2EI3SVrK79Q,COEXIST RAP,2021-12-16,0,
X8j49duZjwc,阿修羅ちゃん／天音かなた(cover),2021-12-16,1,
80XFDi-Vz8c,シューティングスター,2021-12-14,2,
eBjPG7oxqFU,アニマル / 猫又おかゆ(cover),2021-12-17,1,
v8P0kVHnCAM,Chat about Reine's NEW SONGS + eat food + chill 【Pavolia Reine/hololiveID 2nd gen】,2021-12-18,5,
j28SJWoSbOY,シル・ヴ・プレジデント - 尾丸ポルカ(cover),2021-12-19,1,
VgqSwPQkxTc,HAACHAMA-therf*cker /Prod. by Soulker,2020-08-06,0,
zSYo8ZIIU88,はあちゃまチャンネル♪【テーマソング】,2020-07-08,0,
PzHBe7lsv8w,HAACHAMA Rap　/Prod. by Mixla,2020-07-31,0,
p5oAhNG9eek,BAD WORD RAP by HAACHAMA,2021-08-29,0,
tRwn1WGHtLs,Haachama of meme life rap (prod. Nxnja),2020-09-03,0,
X8f066d0KMg,Choco♡Melty,2021-12-19,2,
kPyLnwSXqkA,The Twelve Days of Christmas - hololive English Cover,2021-12-21,1,
F0HYncCxSgg,【告知】嬉しいポロリ有り【奏手イヅル/アステル・レダ/花咲みやび/岸堂天真】,2021-12-20,5,
SjzHCoKimGM,単位なんてくそくらえRAP,2021-12-21,0,
0OtNQEpSeIA,チューリングラブ /Cover 湊あくあ/猫又おかゆ【ホロライブ】,2020-09-27,1,
j7pM4M9tO70,メンヘラじゃないもん！ /Cover 湊あくあ/紫咲シオン【ホロライブ】,2021-09-05,1,
6Wbto57VKWk,うまぴょい伝説 /Cover ホロライブ,2021-10-03,1,
O8v5S1nhKzo,【１周年記念】ダダダダ天使／湊あくあ【歌ってみた】,2019-08-17,1,
6bnaBnd4kyU,【original】#あくあ色ぱれっと【ホロライブ/湊あくあ】,2020-12-01,0,
4N_HwrzWCac,【引き籠りが】グッバイ宣言／湊あくあ【歌ってみた】,2021-04-30,1,
-aB6MQU8l1s,【バレンタインに】インドア系ならトラックメイカー／湊あくあ【歌ってみた】,2019-02-14,1,
rbPa0Qp3zJQ,【あてぃし】ヴァンパイア／湊あくあ【歌ってみた】,2021-06-12,1,
0fTmEfBvp50,【誕生日に】Ubiquitous dB／湊あくあ【歌ってみた】,2019-12-08,1,
CZGFm-O5IOU,Minato Aqua - For The Win 【湊あくあ/オリジナル曲】,2020-10-26,0,
UXUn_ZqeM4Q,【２周年記念】ワンルームシュガーライフ／湊あくあ【歌ってみた】,2020-08-09,1,
Snn2gWq-3KY,Aqua Cat [Minato Aqua/hololive],2021-05-09,1,
tuWw5EQPGlc,【original】海想列車／湊あくあ【アニメーションMV】,2021-08-09,0,
uBS7xpLWSNM,シンデレラ / 湊あくあ(cover),2021-09-16,1,
fXeM0fXvOp8,【original】きらきら／湊あくあ【アニメーションMV】,2021-12-01,0,
gP8iNSq6Kwc,【original】ヨーコソ！Sweet Carnival！【横須賀フェステーマソング】,2021-07-15,0,
xGihoycGivE,#あくあ色ぱれっと,2020-08-28,2,
eNqzYDEhu9o,海想列車,2021-08-10,2,
HJ0Nhf9wiy8,aqua iro palette,2021-09-25,2,
KcDrolrT0Rs,uni-birth,2021-12-01,2,
2pYaIr-4pfA,【アイドルが】誇り高きアイドル／湊あくあ【歌ってみた】,2021-12-21,1,
C4HF2vkfE0s,[Hololive] Minato Aqua sings Say It!/Itte/言って by Yorushika/ヨルシカ,2020-11-11,4,
1MiDtfYJdko,湊あくあ - Take Over - 所向无前 | Worlds 2020 - League of Legends,2020-10-26,4,
kbwKFoZfwaA,【歌ってみた】magnet【湊あくあ×犬山たまき】,2018-12-29,1,
meIpjTUePWU,【Minato Aqua× Inuyama Tamaki】magnet【Cover】,2020-08-26,4,
uZcwaM7By28,Menhera Chan feat Minato Aqua - Kyuukyoku Unbalance! [Opening Bofuri],2020-09-24,4,
XBZ8y7_TD3c,愛をこめて花束を (Ai wo Komete Hanataba wo) - 湊あくあ Cover (Minato Aqua Cover),2020-07-07,4,
SQHYwfEDEnU,Oath Sign (cover) by Minato Aqua,2020-02-17,4,
g6u60RKXxOs,湊あくあ Minatoaqua - 小さな手のひら The Palm of Tiny Hand,2020-05-14,4,
FvbiDaEuuzE,【湊あくあ】なんでもないや (from bilibili),2020-12-29,4,
NryNj6AIWQw,Minato Aqua - Yomosugara Kimi Omou「 夜もすがら君想ふ / 夜里亦始终想念着你」(Cover),2021-07-15,4,
hROBCORN2Dk,【湊あくあ】 Minato Aqua - rain stops, good-bye 【Cover】,2020-07-09,4,
rZURT15BljE,【オリジナルMV】「おおかみは赤ずきんに恋をした」歌ってみた【神楽めあ× 湊あくあ】,2019-12-25,1,
yS2rcvR6tFI,【オリジナルMV】「クノイチでも恋がしたい」歌ってみた【神楽めあ× 湊あくあ】,2019-04-26,1,
uHR192QL_F4,『Last Christmas WHAM!』Short Covered by MinatoAqua,2021-07-06,4,
Zhp0uJ8CjBQ,"Aqua sing ""Yagoo Daikazoku""",2020-01-19,4,
hC_kCb8o3A4,Drop pop candy (cover) by Minato Aqua,2020-06-03,4,
KdsFfcBknxM,お願いマッスル / covered by 犬山たまき×湊あくあ,2019-11-15,1,
pMrgUPZdMDU,【Hololive/Eng Subs】Minato Aqua/湊あくあ - Karakuri Pierrot/からくりピエロ MV/PV,2021-01-16,4,
2GYTPVKBfKY,Heartbeat From You (cover) by Minato Aqua,2020-08-30,4,
19lBvUuXQlM,【Minato Aqua/Hololive】Aqua's Theory of Happiness【Eng Subs】,2021-01-15,4,
cCEErFmDvbw,Minato Aqua - Letter Song (Cover),2021-04-21,4,
LEyrxv1refw,Catch The Moment (cover) by MeAqua,2020-08-29,4,
RpiPeAKx3Rc,フォニイ / 角巻わため(Cover),2021-12-21,1,
JdmabABHdwU,Magic Word Orchestra,2021-12-20,2,
SNX6Gck9UIE,アニマル / 獅白ぼたん(cover),2021-12-21,1,
0BBZs5rZktc,『e-ma e-ma』歌って踊ってみた【ホロライブ / 湊あくあ】,2021-02-20,1,
5X8WDBEc_PE,【歌ってみた】乙女解剖／紫咲シオン,2019-03-31,1,
OtpqIXEkMQA,【歌ってみた】Mrs.Pumpkinの滑稽な夢／紫咲シオン×猫又おかゆ【ハロウィン】,2019-10-31,1,
hTBJMFkchqk,【ラブラブで】スキキライ／紫咲シオン×猫又おかゆ【歌ってみた】,2019-08-14,1,
NO66dNMwmbU,白日 / King Gnu (covered by 紫咲シオン)【歌ってみた/4K】,2020-03-29,1,
4X-eZH87BTw,夜に駆ける / Covered by 紫咲シオン【YOASOBI】,2020-07-29,1,
OXAkx5_A9rE,KING／Covered by紫咲シオン【歌ってみた】,2020-11-15,1,
SoSuMVviNaU,おこちゃま戦争／Covered by紫咲シオン＆湊あくあ【歌ってみた/4K】,2020-12-08,1,
5fifnky9v_I,うっせぇわ／Covered by紫咲シオン【歌ってみた】,2021-03-12,1,
jso4f52Pl6Y,ヴァンパイア／Covered by紫咲シオン【歌ってみた】,2021-04-18,1,
9S0-GoCSk38,踊／Covered by紫咲シオン【歌ってみた】,2021-07-31,1,
pMNnZIz6YYM,【original】メイジ・オブ・ヴァイオレット【ホロライブ/紫咲シオン】,2021-08-17,1,
XN3oe_aAQ40,フロントメモリー／Covered by紫咲シオン【歌ってみた】,2021-08-31,1,
LHSLuBt7aB8,神っぽいな／Covered by紫咲シオン【歌ってみた】,2021-11-28,1,
7TCcgdMfPco,フォニイ／Covered by紫咲シオン【歌ってみた】,2021-12-08,1,
xZ-JYcfAVc0,【 #shorts 】MAGE OF VIOLET💜【hololive/紫咲シオン】,2021-08-22,6,
z0JaDmwLnMU,メイジ・オブ・ヴァイオレット,2021-08-17,2,
kME-THO4EIk,チカっとチカ千花っ♡／紫咲シオン/ Murasaki Shion sings Chikatto Chika Chika from Kaguya-sama: Love is War (Recovery),2020-11-10,4,
pz0wzRp7nic,わくわくエブリデイ,2021-12-06,2,
z1W4c7ym49Y,【歌ってみた】グッバイ宣言 / 百鬼あやめ cover,2021-05-22,1,
uTO0KnDsVH0,【歌ってみた】KING / 百鬼あやめ cover,2021-04-29,1,
eGfyyU9qouA,【歌ってみた】花に亡霊/ 百鬼あやめ cover,2021-08-08,1,
ECkxzFgbJqQ,宵の余、良い！/ 百鬼あやめ original,2021-11-03,0,
vgtQF2ejNOQ,Ayame Nakiri Love Word III,2020-08-04,4,
ynGetyGXuGQ,愛言葉Ⅲ/百鬼あやめ【歌ってみた】,2019-09-03,1,
aTbbgVFSduk,【歌ってみた】フタリボシ-Arrange Ver.-　【百鬼あやめ×ななかぐら】,2019-03-03,1,
MMmq0EMs5ng,Futariboshi - Nakiri Ayame y Kagura Nana,2020-05-29,4,
uQR_JZpYAEU,宵の余、良い！,2021-10-05,2,
jlELf83gpBw,【original】ChocoLove/癒月ちょこ,2021-10-10,0,
BAx2GtYGJxs,【歌ってみた】「チェリボム」/Covered by癒月ちょこ＆大空スバル＆姫森ルーナ【ホロライブ/オリジナルＭＶ】,2021-10-15,1,
GegRa9yZUb4,【歌ってみた】スイートマジック/Covered by 癒月ちょこ&夜空メル【オリジナルMV/ホロライブ】,2021-02-14,1,
vmPpfJWxisU,【歌ってみた】〇〇〇〇〇/癒月ちょこ【オリジナルMV】,2019-12-04,1,
n9DqvVNBdVI,【歌ってみた/4K】妄想税/癒月ちょこ【オリジナルMV】,2019-07-25,1,
x-g0SeUJxsI,【バレンタインに】BABYMETAL- ギミチョコ！！- Gimme chocolate!! （cover）東雲めぐ＆メルティキッス（夜空メル＆癒月ちょこ）【歌ってみた】,2021-02-14,1,
Sv3HckLI7kg,カムパネルラ／天音かなた×しぐれうい(cover),2012-12-22,1,
njeUgc0a5ko,【オリジナル曲】ChocoLove/癒月ちょこ【３周年記念配信】,2021-09-04,0,
spHKQDaz0C0,【#癒月ちょこ3周年】３周年記念3D配信⚡重大告知あり！【ホロライブ/癒月ちょこ】,2021-09-04,5,
TAgKqOFEYoI,ChocoLove,2021-09-04,2,
t-Y-UnC2HQo,【うたみた】恋の魔法【ホロライブ/大空スバル】,2020-06-26,1,
qrZtEACCwIU,【ガチ恋】どぅーまいべすと！歌ってみた！【ぢろ】,2020-01-18,1,
98aqmvP2-xk,シャンティ(SHANTI) / Coverd by 影山シエン,2021-12-22,1,
tum7dljV2ts,【4th original song】 I can not control myself / AZKi 【AZKi BLaCK】,2019-02-28,0,
lGXgYHlR8ww,【7th original song】Fake.Fake.Fake/AZKi【AZKi BLaCK】,2019-04-30,0,
VQx0MtsvSQ,【8th original song】 Inochi / AZKi【AZKi WHiTE】,2019-04-30,0,
StRF-UNM-vk,【IMAGINATION vol.2】fragile short ver【AZKi/イノナカミュージック,ホロライブ】,2019-10-29,3,
6rW_9ldrISM,【Covered】 Shinkai Shoujo #Amenosei #AZKi【collab】,2019-02-09,1,
JJsSEUk8vxc,【Macross Frontier】LION ( covered by AZKi & Chiharu Aria )【Collab】,2019-02-23,1,
4UEQFnENMUw,【AIMYON】Marigold ( covered by AZKi & Hoshino Mea )【collab】,2019-04-12,1,
aREEGF5dXCE,【AZKi x Osanazu】Watashi, Idol Sengen（cover）【I tried to sing】,2019-03-15,1,
Yr0MRX2JP4U,Agape ( covered by AZKi & Kyo Hanabasami )【Collab】,2019-06-28,1,
MIlI_NeWuyo,【K-ON!】Don't say lazy ( covered by AZKi & Osanazu )【Collab】,2019-07-12,1,
ZkvtKUQp3nM,【1st Original Song】Creating world【Pioneer my world】,2018-12-28,0,
ad-6W3bazMs,【2nd original song】Real Melancholy【For you that you feel like me】,2019-01-31,0,
JZTVchX8qJs,【3rd original song】 Felicia / AZKi 【AZKi WHiTE】,2019-02-25,0,
SKy71bCcOyg,【5th ​​original song】Hikari no machi / AZKi【AZKi BLaCK】,2019-03-25,0,
5QJfWQrdQEY,【6th original song】Starry Regrets / AZKi【AZKi WHiTE】,2019-03-28,0,
VriDV2NqXpg,【9th original song】 Shit days/AZKi 【AZKi BLaCK】,2019-05-13,0,
bMSPwitZiJs,【10th original song】Sayonara Hero - AZKi【AZKi BLaCK】,2019-06-30,0,
f8XFa7eWLoA,【11th original song】 from A to Z - AZKi x Singa MV 【AZKi WHiTE】,2019-07-01,0,
ZezL7jHGKCA,【VirtuaREAL.00】AZKi - Heart Beat【ReD】,2019-07-19,0,
bjLzXSM4yRY,【12th original song】AZKi - ERROR【AZKi BLaCK】,2019-07-31,0,
vW_lJwhw24c,【11thオリジナルソング】from A to Z/AZKi【AZKi WHiTE】,2019-09-14,0,
re2rwAWZGjg,【1st ALBUM収録曲】嘘嘘嘘嘘 / AZKi【without U】,2019-10-27,0,
EAQASQOWCX8,【1st ALBUM収録曲】世界は巡り、やがて君のものになる / AZKi【without U】,2019-10-29,0,
D_CJMc8flY8,【1st ALBUM収録曲】フロンティアローカス / AZKi【without U】,2019-11-02,0,
M0-MFPxMrqE,【1st ALBUM収録曲】ちいさな心が決めたこと / AZKi【without U】,2019-11-05,0,
ofdfaM11NIw,【1st ALBUM収録曲】without U / AZKi 【1st ALBUM収録曲】,2019-12-14,0,
oGMzDHvrsq0,【1st ALBUM収録曲】Midnight Song / AZKi【without U】,2019-12-20,0,
HJ6zQ3oQMCQ,【1st ALBUM収録曲】自己アレルギー / AZKi【without U】,2020-01-15,0,
7W2oVgMpmzs,【1st ALBUM収録曲】のんびりと、/ AZKi【without U】,2020-01-22,0,
9ct9lb2zgZ4,【1st ALBUM収録曲】Reflection/ AZKi【without U】,2020-01-29,0,
8zbO3ftH3ls,【1st ALBUM収録曲】虹を駆け抜けて / AZKi【without U】,2020-02-05,0,
TiY6dP4djQA,【1st ALBUM収録曲】コトノハ / AZKi【without U】,2020-02-12,0,
P2yeYNI1H2M,【オリジナルソング】黒鉄の守り人 / AZKi【ジンキ・リザレクションEDテーマ】,2020-03-20,0,
zcc_O2UtZBI,【オリジナルソング】Eternity Bright / AZKi 【2020.3.31リリース】,2020-03-31,0,
yT2h4nrfMME,【オリジナルソング】光 / AZKi 【2020.4.15リリース】,2020-04-15,0,
TnQgSAaGhVc,【オリジナルソング】猫ならばいける / AZKi【にゃにゃにゃにゃ】,2020-04-30,0,
aqRIPFT-EUw,【何度でも開拓するよ】Creating world 2020ver. / AZKi【みんなと一緒に】,2020-05-16,0,
fad_0eQIlVo,【オリジナルソング】Intersection / AZKi【Can't stop love with you】,2020-05-31,0,
wzygAKsIqk0,【オリジナルソング】Take me to Heaven / AZKi【連れて行って、あのメロディへ】,2020-06-15,0,
Ro-7kxRHCdg,【オリジナルソング】青い夢 / AZKi【でも、逃げないよ。夢だから】,2020-07-10,0,
wHMZW_VkBjo,in this world / AZKi 【2nd ALBUM 収録曲】,2020-11-15,0,
6Ks5SWfk-eI,発光体ソーラーサイクル / AZKi 【2nd ALBUM 収録曲】,2020-12-01,0,
j2z06YUbulk,止まない雨 / AZKi 【2nd ALBUM 収録曲】,2021-01-04,0,
dlqAF0aq7XU,ローテート・リピーテッド / AZKi 【2nd ALBUM 収録曲】,2021-01-25,0,
u_mKbmoK2dM,petal dance / AZKi 【2nd ALBUM 収録曲】,2021-02-26,0,
G-QUjj0GGlo,運命の在処 / AZKi 【2nd ALBUM 収録曲】,2021-03-11,0,
Lt7KxY8V4jM,【フルアニメーションMV】フェリシア / AZKi【#アニAZ】,2021-09-05,0,
tlVNXn1wFwo,最強×最弱ガール / AZKi,2021-09-25,0,
-9wUbw5qevU,The Last Frontier / AZKi × 星街すいせい,2021-10-16,0,
hYUBjfxfzIk,恋の宅配便 / 瀬名航 feat. AZKi【2021年12月22日 EPリリース】,2021-11-07,0,
EpuB_c03dZ0,ナナワリエネミー / AZKi,2021-11-10,0,
TlSzfEM5NcQ,【フルアニメーションMV】のんびりと、/ AZKi【 #アニAZ 】,2021-12-01,0,
7ZAeFUmGx4Y,画面の中の君が好き / AZKi,2021-12-12,0,
8jsvz5Bdv7U,ビードロ模様 / やなぎなぎ(covered by 犬山たまき×AZKi),2021-10-04,1,
R5yfM_UlucY,い〜やい〜やい〜や(Whatever whatever whatever) / Takanashi Kiara & Ninomae Ina'nis (COVER),2021-12-23,1,
ZHpPnFfYxt0,【NEW SONG COVER】Celebrating, Chatting, sCribbling!! #kfp #キアライブ",2021-12-23,5,
wLmMSJXoQ8A,【MOSAIC.WAV】洗脳・搾取・虎の巻 / AZKi【歌ってみた】,2021-11-23,1,
7AdZnOhL1Ak,【ひぐらしのなく頃に】why,or why not / AZKi【歌ってみた】,2021-09-06,1,
0LGn4esfu2M,【HACHI】光の向こうへ / AZKi【歌ってみた】,2021-08-01,1,
Em1og_6ovoo,【ヨルシカ】だから僕は音楽を辞めた / AZKi【歌ってみた】,2021-05-20,1,
hV0dxmUf59U,【東山奈央】さよならモラトリアム / AZKi【歌ってみた】,2021-04-24,1,
rHbTBYxK0O0,【GEMS COMPANY】いつもココニイル / AZKi 【歌ってみた】,2021-02-19,1,
6rPdZ7EW98I,【欅坂46】黒い羊 / AZKi & 角巻わため【歌ってみた】,2021-02-10,1,
bUNMyoks3BQ,【歌ってみた】Gimme × Gimme lapix remix / AZKi × Such【八王子P × Giga】,2021-02-02,1,
f5zAFvFKPEI,【神無月の巫女】agony / AZKi【歌ってみた】,2021-01-14,1,
Xn2hOjDOZ0g,【椎名もた】Q / AZKi【歌ってみた】,2020-10-08,1,
daAc1qj5DDY,【DECO*27 】乙女解剖 / AZKi【歌ってみた】,2020-09-10,1,
B5MvnVOfaBc,【感情】人間だった 歌ってみた AZKi【I Was Human】,2020-05-20,1,
MRfcZ4teUeE,【チヤホヤして！！】ヒロイン育成計画 歌ってみた AZKi【HoneyWorks】,2020-04-22,1,
JuM6WQhdl8A,【絶対聞いたことある】シャイニングスター 歌ってみた AZKi【魔王魂】,2020-03-11,1,
OC-VqdP1Kow,【あなたはあなただから】スーパーヒーロー 歌ってみた AZKi【Guiano】,2020-03-04,1,
vC-MsZVgx80,【みんなに届いて】命に嫌われている。 歌ってみた AZKi【カンザキイオリ】,2020-02-19,1,
G54GXyYwGz0,【エモみ全開】あさがおの詩 - AZKi 歌ってみた 【朝ノ瑠璃】,2019-10-17,1,
y39DMzOqsRw,【YO!SAY!】HOT LIMIT 歌ってみた AZKi【T.M.Revolution】,2019-09-12,1,
56OgSRwV-xw,【Maquia: When the Promised Flower Blooms】Viator ( covered by AZKi )【rionos】,2019-06-07,1,
mSVb61pOQKA,【和なAZKi】泡沫夢幻 歌ってみた AZKi【朝ノ瑠璃】,2019-05-08,1,
hwkAWFw8njM,【Hatsune Miku】 I tried to sing Nameless Prisoner【AZKi BLaCK】,2019-04-18,1,
3NgN2CvLgT4,【ピコンピコン】ハートサーモグラフィー 歌ってみた AZKi【周防パトラ】,2019-04-04,1,
5Pmt9gVmvmM,【花譜】糸 歌ってみた AZKi【絡まる意図が濡れて解けなくて】,2019-02-16,1,
jKJ5a7gVkH8,【KAF】Shinzo to karakuri ( covered by AZKi )【All this feeling is mine】,2019-02-10,1,
_JoXN6LdcDY,【Yorushika】Tada Kimi Ni Hare ( cover by AZKi ),2019-01-26,1,
Gni3co__EPI,【Zutto Mayonaka de li no ni】I sang Biting the clock's second hand / AZKi【what everyone told me】,2019-01-19,1,
UnM2_ddXNYk,【Koresawa】I tried to sing Tabako / AZKi 【The first JPOP challenge! 】,2019-01-12,1,
aQ6Hir0wlVg,【1st page】Two Breaths Walking ( covered by AZKi )【of my evolution】,2019-01-02,1,
JHiWqdrWOSQ,【Kizuna AI】miracle step ( covered by AZKi )【Our miracle step】,2018-12-30,1,
7o_YL35T93w,【Toradora!】Orange ( covered by AZKi )【Orange】,2018-12-20,1,
qokrSyGZTiM,【Seventeen】Seventina ( covered by AZKi )【fortunes】,2018-12-13,1,
f8F8yNVDUEo,【MIX】The song of Iya-chan ( covered by AZKi ),2018-12-08,1,
lxJ7SXMEPto,【Guilty Crown】My Dearest ( covered by AZKi )【supercell】,2018-12-06,1,
O4Oz8Gn6oDY,【Anison/Anime Song】 only my railgun ( covered by AZKi )【first challenge】,2018-11-27,1,
VAvd842cCYM,【Do you love】Sweet Devil ( covered by AZKi )【sweet devil?】,2018-11-21,1,
SdgFVX0FsgE,Just Be Friends -piano.ver- Covered by AZKi,2018-11-15,1,
FgEv9PxGwXQ,【AZKi】RealMelancholy 2019.4.21 @AZKi live stream【Live Song LIVE】,2019-04-25,0,
Dpq3m_guqoA,Creating world,2018-12-27,2,
5DFi0hYTzGo,リアルメランコリー,2019-01-30,2,
ppAcmD2_akw,フェリシア,2019-02-24,2,
j_Cj6a7Ujio,I can't control myself,2019-02-27,2,
vua-wcOEnmM,ひかりのまち,2019-03-24,2,
4pEos75NI4I,Starry Regrets,2019-03-27,2,
TMm0uCWg9Oc,Fake.Fake.Fake,2019-04-29,2,
ems4J60bPTk,いのち,2019-04-29,2,
hym2Mp2i9dA,シットデイズ,2019-05-30,2,
oENu3GqB9KI,さよならヒーロー,2019-06-29,2,
lEmFoppXMEQ,from A to Z,2019-06-30,2,
iTfX_Q4zWB0,ERROR,2019-07-30,2,
Q0fCN3UUM3E,mirror,2020-03-14,2,
9RXPwAMrq-Y,黒鉄の守り人,2020-03-19,2,
IiHAlFJk9Uw,Eternity Bright,2020-03-30,2,
qCZFaPGgZ-Q,Eternity Bright（LADY'S ONLY Remix),2020-03-30,2,
OkEhANTYb5Q,光,2020-04-14,2,
qyBqhJEYXCI,光 (TEMPLIME Remix),2020-04-14,2,
w9UOMo66UZI,猫ならばいける,2020-04-29,2,
aWIHNmlFk-U,猫ならばいける (栄免建設株式会社Renovation),2020-04-29,2,
hJjhiCLJ0LE,Intersection,2020-05-30,2,
vPtITG19rzY,Intersection (TOMOYU funkot Remix),2020-05-30,2,
6ZjnjMpjnwI,Take me to Heaven,2020-06-19,2,
QEUzvcKLQA8,Take me to Heaven (ハレトキドキ Remix),2020-06-19,2,
QccJ6MsNVOE,青い夢,2020-07-09,2,
MA7VacAKLlI,青い夢 (feat. BOOGEY VOXX),2020-07-09,2,
Cv9A4iwPe88,最強×最弱ガール,2021-09-24,2,
e2KxZN3NgU0,ナナワリエネミー,2021-11-09,2,
Mgp7oc8SofY,without U,2019-11-11,2,
jV51aZvAwPo,コトノハ,2019-11-11,2,
8nMQR7UYmXM,嘘嘘嘘嘘,2019-11-11,2,
t17vgEG6Yv4,自己アレルギー,2019-11-11,2,
qs6sZZbm5pM,虹を駆け抜けて,2019-11-11,2,
YLZRPGqtMv4,ちいさな心が決めたこと,2019-11-11,2,
EKEPMKRZ85E,世界は巡り、やがて君のものになる,2019-11-11,2,
UasbmTP2lTA,Midnight Song,2019-11-11,2,
aY25gKpzMUw,Reflection,2019-11-11,2,
zf-9KS_N3ZI,のんびりと、,2019-11-11,2,
HpuzZS0gOZg,フロンティアローカス,2019-11-11,2,
cl_Qikl7YaE,リアルメランコリー (TEMPLIME Remix),2019-11-11,2,
YgRD177NeVk,Starry Regrets (Batsu Remix),2019-11-11,2,
tH5AFSnJv7s,運命の在処,2020-11-30,2,
D9BI8Utu6eY,Eternity Bright,2020-11-30,2,
hxTq2V_MTEU,petal dance,2020-11-30,2,
WP_NcGCMJQg,ローテート・リピーテッド,2020-11-30,2,
FQxqPg5Buj0,止まない雨,2020-11-30,2,
i1qyLt_KqBc,青い夢,2020-11-30,2,
qbb78f-6Gp8,光,2020-11-30,2,
Ed3zP7dlJU4,タイムカプセル,2020-11-30,2,
Xn55RU4QSys,Intersection,2020-11-30,2,
QpIHkRj2Ldg,Take me to Heaven,2020-11-30,2,
u_f1nRiunls,猫ならばいける,2020-11-30,2,
BWTAWOjcXto,画面の中の君が好き,2021-12-11,2,
Cebz-lxoJWo,恋の宅配便 (feat. AZKi),2021-11-22,2,
H1bHFQPTSOs,恋の宅配便 (feat. AZKi),2021-12-22,2,
__CkCBzJKV4,ひとくち、ちょうだい？ (feat. AZKi),2021-12-22,2,
eVlNtQulXi4,大切なお知らせ (feat. AZKi),2021-12-22,2,
DQqWsWM7Vxg,fragile,2019-11-01,2,
Y8KfgrHLSN8,こいのうた,2019-11-01,2,
Jp71je_aNv4,【オリジナル楽曲MV】JOURNEY to FIND STARS（ショートVer.）【ホロスターズ】,2021-12-23,3,
0firv69LkgI,灰色と青/常闇トワ×星街すいせい(cover),2021-12-23,1,
2l_6oIGTrbg,「君の名は。」スパークル/RADWIMPS Cover by大神ミオ【歌ってみた/4K】,2019-06-30,1,
yIvcKk4vZ7Y,【3DMV】君色に染まる 歌って踊ってみた【大神ミオ、ロボ子さん、さくらみこ】,2019-10-12,1,
ESM-OniA96w,「おとなの掟」　猫又おかゆ・大神ミオ(cover),2021-01-24,1,
K84w0Iai40k,"[Original song] ""Hyakkaryouran Hanafubuki"" short ver. [Shirakami Fubuki, Nakiri Ayame, Ookami Mio]",2020-12-29,3,
x1BGG98tcrg,"[Original song: ""SHIJOSHUGI ADTRUCK"" short ver. [Natsuiro Matsuri, Ookami Mio, Shiranui Flare]",2021-01-05,3,
mZ0sJQC8qkE,Can You Do the hololive? Beyond the Stage ver. [STAGE1+2 edit],2021-01-08,0,
9kQ2GtvDV3s,[Ochame Kinou] hololive Fukkireta Chorus [24 VTubers],2020-04-06,1,
RrsGNMMghKM,【水着で踊る特別版MV】VTuber事務所「ホロライブ」公式曲第1弾『ShinySmilyStory』試聴動画 【 #ホロライブサマー 】,2019-08-15,3,
O-SXhtYjprc,【Me singing】How many kilos can you hold a dumbbell?【ENG sub】,2019-09-08,1,
YPm9T622OX0,【Original MV】Howling【ホロライブ/大神ミオ】,2021-08-20,0,
cr9iLdXK9ik,わんわんわおーん / さしみお feat.スバおか,2021-08-20,0,
sdbu9AUFRfg,さしみお feat.スバおか,2021-08-27,2,
4fJuqc_2Y_I,わんわん！わおーん,2021-08-20,2,
9x__xN3TUh8,Kiara's Xmas Ball - Jinglebell Rock,2021-12-23,1,
2CTSe6Q5-xI,Kureiji Ollie Boba Shop Rap MV | Avilon - Speed | Kanauru Original,2021-08-14,0,
7xNWT_FuEF4,Avilon - Speed ft. Kureiji Ollie,2021-04-30,0,
xi5FGsWZwEs,BAD WORD RAP - Haachama x Calliope | E5TATIK EDIT | Kanauru Music Video,2021-09-17,0,
eOW0Ow8Pl6k,HAACHAMA - BAD WORD RAP🎙 with CALLIOPE SENSEI💀 [E5TATIK EDIT],2021-09-05,0,
R3OxEcOpT0M,『んっあっあっ。』/SLAVE.V-V-R covered by 博衣こより【歌ってみた】,2021-12-24,1,
QaEW5hhLxuk,【original】Choco♡Melty【ホロライブ/癒月ちょこ/夜空メル】,2021-12-24,0,
oazCXvy6Rvs,【オリジナル楽曲】POP-TALK / 夕刻ロベル【HOLOSTARS】,2021-12-24,0,
0scxODT68X4,ウミユリ海底譚 / 猫又おかゆ(cover),2020-02-22,1,
4muYzftomAE,flos / 猫又おかゆ (Cover),2020-08-28,1,
9PYi1080Q7k,失楽ペトリ / 猫又おかゆ(cover),2020-12-24,1,
j6P_m6adkgc,もぐもぐYUMMY！/ 猫又おかゆ,2021-02-22,0,
MiuFIzr8bR0,【一周年記念】ヒャダインのじょーじょーゆーじょー / おかころ【歌ってみた】,2020-04-01,1,
kP08-jP1-7Y,乙女解剖 / 猫又おかゆ(cover),2020-04-06,1,
dXUJ0IDdX28,惑星ループ / 猫又おかゆ(cover),2019-10-10,1,
JqwKeddXPOg,p.h. / 猫又おかゆ(cover),2021-07-09,1,
gFVC0p4lknw,キャットアイメイク / 猫又おかゆ (Cover),2021-04-17,1,
fR2texlVKJo,キュートなカノジョ / 猫又おかゆ( cover ),2021-06-12,1,
PNA-sTiC0Ds,ふわふわ時間 / 猫又おかゆ (Cover),2020-10-01,1,
WCTiDGl8Di0,ねむるまち / 猫又おかゆ(cover),2021-08-28,1,
sxMUJSK5u4g,コールボーイ／猫又おかゆ＆天音かなた(Cover),2021-06-28,1,
KRqA47qytz0,ジェヘナ / 猫又おかゆ(cover),2021-10-16,1,
d1SPCBrEYSA,孤独の宗教 / 猫又おかゆ＆天音かなた (Cover),2021-09-30,1,
TMJAy5_i1JA,刹那プラス / 猫又おかゆ(cover),2021-11-18,1,
DkZwJm5wz_s,【30分耐久BGM】家猫はゆりかごの上で / 猫又おかゆ【公式】,2021-09-15,0,
jGkOdq3qZbc,戌神ころねオリジナルBGM「ころねレイザー 戌More!」,2021-02-15,0,
nks1I1sY53I,【original】ころねの最凶天災☆わんだふぉー❤わーるど【戌神ころね/ホロライブ】,2021-04-13,0,
3f4KwDPMelE,【30分BGM】あなたに会うために / 常闇トワ【公式】,2021-09-20,0,
6i862D67TFc,【30分BGM】Little devil story / 常闇トワ【公式】,2021-10-16,0,
7jk8e94Cr7U,ファイアーエムブレムのテーマ / 戌神ころね（cover）4K,2021-11-30,1,
038Ew0Eod-I,猫又おかゆHappy Birthdayお祝い動画　ころねより　パート２,2021-02-22,0,
saizawXi4i0,ハロハロナリヤンス音頭 / 戌神ころね(cover),2020-07-12,1,
G49bAinM6Lc,Love Trial - Inugami Korone ver.,2020-02-22,1,
OGYu6Kj3bL0,【歌ってみた】スイートマジック 【戌神ころね】,2019-10-01,1,
qgeuRSawFaw,ボンバーキングのテーマ/戌神ころね(cover),2020-10-01,1,
TqxrS4mxPew,【歌ってみた】Booo! / TOKOTOKO（西沢さんP）covered byアステル&花咲みやび【HOLOSTARS】,2021-12-05,1,
STBJ_N3YLiw,【歌ってみた】おじゃま虫 / DECO*27【covered by 花咲みやび】,2021-03-03,1,
a67XEIAJopM,【1周年記念】私、アイドル宣言/花咲みやび【歌ってみた】,2020-06-08,1,
cmT3Z2TQkEU,[Cover] Universe [Kanade Izuru/Hanasaki Miyabi],2020-07-11,1,
ovSUhY6-nZo,藍より群青 (feat. 星街すいせい),2021-12-24,2,
6f-hghYUosk,【歌ってみた】可愛くなりたい【花岸(岸堂天真 花咲みやび)/ホロスターズ】,2020-09-10,1,
Hl1-8j9OJyo,ライオン (Lion) - May'n 中島愛 // covered by 獅白ぼたん＆雪花ラミィ【歌ってみた】,2021-12-25,1,
3DrYQMK4hJE,バイバイレイニー / 星街すいせい(official),2021-12-25,0,
JSDvwpcSIxw,もぐもぐYUMMY!,2021-02-22,2,
cDUhg39oVEU,ころねの最凶天災わんだふぉーわーるど,2021-04-15,2,
_iBexWOf6aw,Kanade Izuru『 Monologue in a row 』Official Music Video,2021-09-04,0,
n15uycLvZLM,連なるモノローグ,2021-09-04,2,
O095GG34OC4,【歌ってみた】Monster/covered by 花咲みやび&奏手イヅル&アステル・レダ&岸堂天真,2021-10-31,1,
OITs4Q6QpdM,【歌ってみた】鬼KYOKAN / アステル 奏手イヅル,2021-10-24,1,
FKDjjVwb1dU,【歌ってみた】MONSTER DANCE / アステル 奏手イヅル 律可 影山シエン,2021-09-14,1,
5M8q1jaN6vc,【歌ってみた】サマータイムレコード / アスイヅ 花岸 ばぶどん,2021-07-30,1,
d0NXC7POoUs,【Cover】Juggernaut / Kanade Izuru & Astel Leda,2021-05-14,1,
Zh0gAsXbSC4,【歌ってみた】スイートマジック【奏手イヅル/アステル・レダ】,2021-02-14,1,
IxT1xa3YGio,【Cover】クリスマスソング / RIZnote【奏手イヅル/律可】,2020-12-21,1,
m_a4CcA_oi4,【歌ってみた】Fire◎Flower covered by HOLOSTARS【律可/イヅル/アステル/シエン】,2020-08-16,1,
DdjHAqUGPCI,【Cover】Rain of Cherry Blossoms / RIZnote【Kanade Izuru / Rikka】,2020-04-10,1,
B0xrie_yK-Y,[We tried to sing] At God's Mercy [Astel / Kanade Izuru],2020-04-04,1,
GVp0yH6EEZE,【Cover】YELLOW【奏手イヅル/唯牙コハク】,2020-02-21,1,
J4XhPRdrE4g,【唯牙コハク】あの娘シークレット【奏手イヅル】,2020-02-16,1,
Vj1XOWOxTho,【Cover】Spinning Sky Rabbit(Orangestar) / Kanade Izuru,2021-06-22,1,
P1GH-04ebzo,【Cover】Love me, Love me, Love me / Kanade Izuru",2021-01-29,1,
d1nkcGgi0S8,第六感 - THE SIXTH SENSE Acoustic Guitar cover,2020-10-30,1,
1rgkCnKggTc,【Cover】帝国少女-Imperial Girl / 奏手イヅル(Kanade Izuru),2020-10-15,1,
OsUybM5cJUc,[Cover] Telecaster B-Boy / Kanade Izuru,2020-08-16,1,
-Kvn8qpMUdQ,[Cover] They Who Wait for the Rainbow / Kanade Izuru,2020-06-22,1,
X_zmIdP3jbg,【Cover】unravel / 奏手イヅル,2020-03-30,1,
jwvJ6GBf4Ro,[Cover] Cosmology of NyanNyan / Kanade Izuru,2020-03-08,1,
oPahzleK0Nk,【Cover】それがあなたの幸せとしても / 奏手イヅル,2019-12-30,1,
FUxsxV-Ml0o,【Cover】ベノム / 奏手イヅル,2019-09-28,1,
Q978b1YXHtI,【Cover】Dramaturgy / Kanade Izuru,2019-09-09,1,
u77uOEMnsoQ,【Cover】It's My Life / 奏手イヅル,2020-01-31,1,
W9RLe0K9N5s,【Cover】Bad Day / 奏手イヅル(Kanade Izuru),2020-04-28,1,
cC8dg5WrUxo,＃2【#RIZ生】RIZnoteで桜ノ雨アップ記念トーク【奏手イヅル/律可/ホロスターズ】,2020-04-10,5,
rkEHHJ0RTrE,【Cover】威風堂々 / RIZnote【奏手イヅル/律可】,2020-02-15,1,
TLDjnbjIVYg,【Cover】ロメオ / RIZnote【奏手イヅル/律可】,2019-12-28,1,
1GFCMbC1Qp0,☆3【RIZnote】歌動画出したぞ！&ゆる雑談【奏手イヅル/律可】,2019-12-09,5,
OjpmQywejQM,【Cover】太陽系デスコ / RIZnote【奏手イヅル/律可】,2019-12-09,1,
BJg38acB6ro,【Cover】Happy Halloween / RIZnote【奏手イヅル×律可】,2019-10-30,1,
sVCV7TtlpSk,A VERY HAACHAMA CHRISTMAS ft. HAACHAMA,2021-12-25,1,
AAr2lHZLNyU,ディスコミュ星人/兎田ぺこら(cover),2020-04-04,1,
_KTwDH_KQ_g,【MV】ぺこらんだむぶれいん！【ホロライブ/兎田ぺこら】,2021-01-12,0,
aozNBX2dF6c,シンデレラ/兎田ぺこら(cover),2021-09-29,1,
swuds0FeoI4,Hacha-Mecha ミラクル,2020-12-17,2,
fdOzGOkaK8M,ぺこらんだむぶれいん!,2021-01-12,2,
IT7mfF97m3w,「Deck The Halls」Christmas Song Cover by Amelia Watson,2021-12-26,1,
y2vrlxmOp7U,【MV】Sparks of Joy / IRyS【Original Song】,2021-12-26,0,
8WGNic2YVqM,Sparks of Joy,2021-12-25,2,
uCfjf3rvTJY,Target for Love / Gawr Gura (Blue Archive OST Cover),2021-12-26,1,
mEs80XOSSHQ,【歌ってみた】グッバイ宣言 / 潤羽るしあ cover,2021-07-18,1,
UBSx4qqeikY,【歌ってみた】花に亡霊 / ヨルシカ【潤羽るしあcover】,2020-08-31,1,
NtRpDpfE69Y,【オリジナル】アイリス。【潤羽るしあ/ホロライブ】,2021-01-22,0,
BVGTUkMBUXI,アイリス,2021-01-22,2,
Wdc0FwgTcs4,【潤羽るしあ×百鬼あやめ】 恋愛サーキュレーション 【２周年ショートVer】,2021-09-18,1,
vp8HbGYXpNw,「ヴァンパイア」不知火フレア(Cover)【歌ってみた】,2021-11-27,1,
OrecUhOUpbw,「シンデレラ」不知火フレア(Cover)【歌ってみた】,2021-11-21,1,
8FGFwc3n0lY,ClariS「カラフル」不知火フレア(Cover)【歌ってみた】,2021-10-28,1,
lUoBNjIWiAc,メンタルチェンソー／不知火フレア(Cover),2021-09-24,1,
Tm28179erkY,グッバイ宣言／不知火フレア(Cover),2021-09-16,1,
u5r8B1fDB8g,怪物／不知火フレア(Cover),2021-08-07,1,
r_3n1KNNigI,【3DLIVE/アンコール】「オツキミリサイタル」歌ってみた🌕 【＃不知火フレア2周年記念ライブ】,2021-08-07,1,
YVdA-QCcXYc,ClariS「ナイショの話」白銀ノエル×不知火フレア(Cover)【歌ってみた】,2021-06-05,1,
PDj3XaZJeWY,ガチャガチャへるつ・ふぃぎゅ@ラジオ/不知火フレア(VARK LIVE version）- Cinderella switch ～ふたりでみるホロライブ～ vol.3 より,2021-04-25,1,
G4PT1phuM9M,【original】​Smile & Go!!【ホロライブ/不知火フレア】,2021-04-02,0,
3y8oIuEkqQs,KING／不知火フレア(Cover)【歌ってみた】,2021-03-11,1,
EBj7JZiyR-s,【歌ってみた】だから僕は音楽を辞めた / ヨルシカ【不知火フレア(Cover)】,2020-12-23,1,
n8Z7mUOGEAE,【みんなにありがとう🔥】愛言葉Ⅲ／不知火フレア cover【歌ってみた】,2020-06-14,1,
WB7Fl3l5yv4,「ヴァンパイア」不知火フレア(Cover)［ #shorts ］,2021-11-26,6,
mxrE29C4Z54,「シンデレラ」不知火フレア(Cover)［ #shorts ］,2021-11-12,6,
74q9N36sD6g,ClariS「カラフル」不知火フレア(Cover)［ #shorts ］,2021-10-27,6,
tTUOI1cPaok,メンタルチェンソー／不知火フレア(Cover)［ #shorts ］,2021-09-23,6,
BBkJnXwJ3Ig,グッバイ宣言／不知火フレア(Cover)［ #shorts ］,2021-09-16,6,
nC4jHrVLaME,Smile & Go!!,2021-04-02,2,
LMYIam2RFkg,【original】ほめのび【白銀ノエル/ホロライブ】,2021-09-26,0,
FwNen17ZVCA,ほめのび,2021-09-26,2,
BKfHokGY-R8,【昼ドラホロライブ】ささくれキネマ【hololive/宝鐘マリン】,2021-08-25,0,
lJGLjlVZvQo,【 #shorts 】Please, choose me 💘【hololive/宝鐘マリン】,2021-08-12,6,
_VIeV_LZXHM,【Original Animation MV】Unison【hololive/宝鐘マリン】,2021-08-11,0,
f4B6ydELWQY,【歌ってみた】ミュージックアワーcover / ポルノグラフィティ【ホロライブ/宝鐘マリン】,2021-07-30,1,
Ebo53CjuQAA,【3DLIVE】御旗のもとに/宝鐘マリン(VARK LIVE version）- Cinderella switch ～ふたりでみるホロライブ～ vol.1 【ホロライブ】,2021-07-20,1,
s9HioEMWoXo,黄色いバカンス cover,2021-07-06,1,
V_5mwG9M5Eo,【JI BU N WOOOOOO】COLORS cover / ゆる歌【hololive/宝鐘マリン】,2021-07-01,1,
vFunN0xiZAQ,【鬱マリン船長】夜な夜な夜な cover【ホロライブ/宝鐘マリン】,2021-04-22,1,
zpv1HPrSS5U,【おちゃめ機能】マリン船長が吹っ切れた【ホロライブ/歌ってみた】,2021-03-13,1,
JYtt0inzDR4,【JOJO】BLOODY STREAM cover / ゆる歌【hololive/宝鐘マリン】,2021-01-20,1,
HbfVsscUMaU,【東方Vocal/アニメPV】人間が大好きなこわれた妖怪の唄【ホロライブ/宝鐘マリン】,2020-09-11,1,
e7VK3pne8N4,【original】Ahoy!! 我ら宝鐘海賊団☆【ホロライブ/宝鐘マリン】,2020-07-30,0,
lD436tEFXLc,【#宝鐘マリン生誕祭】3D!!重大発表＆お披露目!!お祝いしてもらえるかな🎶【ホロライブ】,2020-07-30,5,
gZL4-f3jRoE,Ahoy!! 我ら宝鐘海賊団☆,2020-08-20,2,
WRWfcxlfMgQ,Unison,2021-08-11,2,
mZeu--1OoQA,一生懸命うたいました I sang so hard.,2020-01-07,1,
hqaADShtRGc,Stand By Me -Beatbox-,2020-01-07,1,
PL0UuyyZPLM,"Yakushiji Suzaku [Holostars Graduate] ""Stand by me"" cover",2021-01-22,4,
Y_TeGCCVRIY,【歌ってみた】KISSして - 福山雅治Cover.Ver -【アルランディス/ホロスターズ】,2021-05-02,1,
XMm-i_BqxsA,【緊急】重大発表！！！！！！！【天音かなた/ホロライブ】,2021-12-26,3,
ftkv0Zz_IAQ,【歌ってみた】ホウキ雲 / RYTHEM covered by アルランディス&アステル･レダ 【ホロスターズ】,2021-09-30,1,
0nuLQ7W9ykA,【#アルランディス3D】What a Pastaful World ～なんてスパゲティ世界～ 歌ってみた【アルランディス/ホロスターズ】,2021-09-05,1,
8ktPkXc94aU,【ゆるスタ1周年！】お願いマッスル / 歌ってみた【アルランディス/岸堂天真/花咲みやび/ホロスターズ】,2021-07-15,1,
VAsauw-wFAg,【歌ってみた】すてきなホリデイ【ゆるスタ/ホロスターズ】,2020-12-22,1,
VXTZN-06nzo,【1st Anniversary】Blessing / halyosy covered by HOLOSTARS【We tried to sing】,2020-06-03,1,
fSVFZGj0k_M,【歌ってみた】ピザ パスタ ピザ のうた【フブちゃん&アルランディス/ #ピザコーン】,2020-05-02,1,
NFzWCzes2SM,【デビュー1周年記念】め組のひと/アルランディス【歌ってみた】,2020-09-08,1,
n7SHBurxQzc,W.I.M. / アルランディス【オリジナルMV】,2021-11-20,0,
3uU6QHM-tL0,W.I.M.,2021-11-11,2,
iwrSR7N_9dg,【MV感想枠】W.I.M.のMV見た？感想言い合おうぜ！【アルランディス/ホロスターズ】,2021-11-20,5,
tLn20qqf3UY,【誕生日記念枠】#アルランディス生誕祭2021 俺からみんなにプレゼントもあるよ！【アルランディス/ホロスターズ】,2021-11-11,5,
B1YWBX-zz6g,【歌ってみた投稿したよ！】そんな感想などなど配信でございます【アルランディス/ホロスターズ】,2021-09-05,5,
rpa3Wx1Q1iA,【サカナクション/新宝島】3D初お披露目で5人に分身して新宝島MVを再現した男【アルランディス/ホロスターズ】,2021-08-30,1,
qbgrYZGy0fE,JOURNEY to FIND STARS,2021-12-27,2,
LB-BiUb4Z3U,マイネームイズエリート☆,2021-12-27,2,
a0N1bX_CkcU,[Original Song MV] JOURNEY to FIND STARS [HOLOSTARS],2021-12-27,0,
8hmYZFLFLD4,Caesura of Despair by IRyS #holoENshorts #Shorts,2021-12-28,6,
zREufEpj0zM,【Animation MV】天使のagape／天音かなた,2021-12-27,0,
PxiiB40eTWY,アカシア・シンドローム／紫咲シオン【GL文庫イメージソング】,2021-12-27,0,
HukDD0ZnzIc,AcaciaSyndrome,2021-12-27,2,
Wl9EcS5As2w,アニマル / 大神ミオ Cover,2021-12-27,1,
wToRgQzYAA0,天使のagape,2021-12-27,2,
_qmAo83zOUg,私へ　天音かなた(cover),2021-12-28,1,
xaol7imXNd4,【歌ってみた】ガランド / アステル feat.荒咬オウガ,2021-12-28,1,
OjdFqjL13R0,オーバーライト,2021-12-29,2,
pC6o5QCY7s8,Existlog,2021-12-29,2,
I9rvEDBfyaY,Takanashi Kiara - Sad Sparks ( A Sad Rendition Of SPARKS ),2021-12-29,0,
fsPSaFbonGo,Shishi Wata Cooking feat. Shishiro Botan【original】,2021-12-29,0,
ChE_bQauRv0,[MV] To Makuhari Messe and Back! (hololive SUPER EXPO 2022 PV),2021-12-30,0,
U1kM90unSXk,ししわたクッキング / 角巻わため×獅白ぼたん【 #shorts 】,2021-12-29,6,
SnTctXSp87o,おはようのうた,2021-12-29,2,
PNr3wPNIPJo,"mayday,mayday",2021-12-29,2,
TtMQti-PIaw,キミだけのメロディ,2021-12-29,2,
JqhO_F7B6Kg,"sweet night, sweet time…",2021-12-29,2,
w3UOoYOJMw0,ゼロの足跡,2021-12-29,2,
luSusXp0RQU,Everlasting Soul,2021-12-29,2,
RaR10iaJapA,Holidays!,2021-12-29,2,
mJv53AixGvY,御伽の詩と永久なるミライ,2021-12-29,2,
4j3yhZ3D9kM,RAINBOW,2021-12-29,2,
ttJqvvHcBIM,My song,2021-12-29,2,
okz1dYZ3Sko,ししわたクッキング,2021-12-29,2,
7jDkn2TzxJk,ラブカ？ / 鷹嶺ルイ(cover),2021-12-30,1,
c9eeLKsQUdI,BURN YOUR HEART RAP 2022,2022-01-01,0,
DXzcI1YKI4g,Kiara Threw It On The Ground | Gingerbread edition | ft. Kiara Takanashi,2021-12-31,1,
uFJHdT_ie9U,Ochame Kinou - hololive English Cover (Live2D Ver.),2022-01-01,1,
_UZM-07USQY,おにけもだんす,2021-12-31,2,
ENS50Kwtrgg,春を告げる Dance shot.ver / 2021 LIVE 天音かなた,2022-01-03,1,
Zc05le75CfI,【オリジナル曲】　FACT/常闇トワ　【フルMV】,2022-01-03,0,
CupxdwBkk88,FACT,2022-01-03,2,
GCUK_IyRTY8,みっころね×しょうたいむ!!,2022-01-02,2,
AaCFoBdpviw,うまぴょい伝説 /covered by【さくらみこ× 不知火フレア×周防パトラ 】,2022-01-05,1,
6VGkeUaX-zk,【Animation MV】 My song / Tsunomaki watame 【original】,2022-01-06,0,
gqpsTViyTow,【 重大発表 】毛刈り...？！プチお披露目＆重大発表！！！【角巻わため/ホロライブ４期生】,2022-01-07,5,
Wa5oysnMfII,【WORMS】New Years Collab with HoloMyth + Announcement!?!?! #kfp #キアライブ,2022-01-09,5,
pKJErsN-ylU,【MV】 Journey Like a Thousand Years 【hololive English -Myth- Original Song】,2022-01-09,0,
zfrJz_2zHOQ,もう少しだけ/YOASOBI ショート covered by 律可 #Shorts,2022-01-08,6,
bcwUoKgjNdE,BABY CHAMA RAP,2022-01-09,0,
EspFOhq6vMc,LOLICHAMA RAP,2022-01-07,5,
_Ljqy_AKBRE,My song / 角巻わため #shorts,2022-01-07,6,
N_eK0ujrhmY,ふ･れ･ん･ど･し･た･い / やかまし娘 (cover),2022-01-10,1,
W_H3LIi4X-k,「A New Start」MV Teaser,2022-01-10,3,
M2gwJ-7s0Zo,【DEBUT STREAM】Oh? OH! #holoCouncil #hololiveEnglish,2021-08-23,5,
uNQIltgLlgo,マイロア,2022-01-10,2,
k6CkgrvJQ6M,【hololiveID】ORIGINAL SONG : Discussion before the release【Ayunda Risu】,2022-01-12,5,
IGviVpVE1fA,【Original Song】ALiCE&u【Ayunda Risu】,2022-01-15,0,
cHSGi7RUGxE,Only in Hope,2022-01-12,2,
1olEauFL700,Joy with You,2022-01-12,2,
smeV74BZKCw,Nameless Sadness,2022-01-12,2,
ysid9gXNxts,Bare your teeth,2022-01-12,2,
hj7dF69OznY,"Sink again, Rise again",2022-01-12,2,
p_wSoMIdQ18,Flower of hope,2022-01-12,2,
IVOMj4x2VVg,いいわけバニー,2022-01-13,2,
mSPdwI6WD6Y,DUDE RAP,2022-01-13,0,
MAhcVce-mQE,「この世界で」MusicVideo(Short ver.）【ときのそら】,2022-01-14,3,
dle08Efv4WY,Journey Like a Thousand Years 千年の旅,2022-01-14,2,
Py21QCndbxc,「Original Song」A New Start - MV,2022-01-17,0,
XY6IMqhJki4,A New Start,2022-01-17,2,
ynhsNON6PpM,ALiCE & u,2022-01-16,2,
wFrMtF6wwHo,【SONG RELEASE AFTER PARTY】Part I,2022-01-17,5,
EkAlXnJPVPA,アニマル / 夜空メル(cover),2022-01-17,1,
UJvVY9TvmJI,【hololiveID】ORIGINAL SONG : Let's break the song down from A to Z ~!!!!【Ayunda Risu】,2022-01-17,5,
eUJa1Mw6OIk,Silent Night Requiem,2022-01-16,2,
F1_OQXNF8b8,AKUMA,2022-01-18,2,
efHD5NpaWMY,【SONG RELEASE AFTER PARTY】Part II,2022-01-18,5,
xEwloFM1jS8,ベテルギウス/優里 弾き語りショート covered by 律可 #shorts,2022-01-18,6,
4Hg0Nchl3HU,[MV] AyaFubuMi - ONIKEMODANCE [Digital Streaming Available!],2022-01-19,0,
Hu-4z8Pfcd0,HAACHAMA fight with discord rap,2022-01-20,0,
t-WCfx3nA8M,「Daydream」MV Teaser,2022-01-21,3,
AaMM_1lmFVE,Daydream,2022-01-21,2,
dmzY4R2QLfM,【攻殻機動隊】rise / AZKi【歌ってみた】,2022-01-22,1,
ibXRzMUUWPE,オリジナルMV 「思ひ恋ふ」【潤羽るしあ/ホロライブ】,2022-01-22,0,
X3yVtLSgEzE,思ひ恋ふ,2022-01-23,2,
5EuqR0GavMk,CINEMA - 尾丸ポルカ(cover),2022-01-23,1,
2ON2ZZHarMw,シル・ヴ・プレジデント／博衣こより Cover【歌ってみた】,2022-01-24,1,
pELP7sBBIJU,【歌ってみた】ロウワー / ぬゆり『covered by 律可』,2022-01-24,1,
obAQCo_8wGs,あくたんのこと好きすぎ☆ソング,2022-01-24,2,
IW_4WcRNFkQ,For The Win (2022 ver.),2022-01-24,2,
DyJKFXFuXRs,【SPOTLIGHT vol.2】カワルミライ／VESPERBELL カスカ×大空スバル【ワンコーラスPV】,2022-01-24,3,
6OHFULja-4s,ひとくち、ちょうだい？ / 瀬名航 feat. AZKi,2022-01-26,0,
MQ-QnXZR4mc,【歌ってみた】神のまにまに/Covered by癒月ちょこ＆大空スバル＆姫森ルーナ【ホロライブ/オリジナルＭＶ】,2022-01-26,1,
8vZOV32ICAs,アニマル／Covered by紫咲シオン【歌ってみた】,2022-01-26,1,
F7C1JpOqZYE,【SPOTLIGHT vol.2】恋愛サーキュレーション／白雪みしろ×白銀ノエル【ワンコーラスPV】,2022-01-26,3,
9yBLZKFKXyg,アニマル / miComet(cover),2022-01-27,1,
U2Kb1-0tiSQ,【SPOTLIGHT vol.2】Fantastic future／潤羽るしあ×しぐれうい【ワンコーラスPV】,2022-01-27,3,
8v63np_7Uyg,海想列車,2022-01-29,2,
im3y57j_L9Y,あいわな,2022-01-29,2,
s_NdHSn1M7U,uni-birth,2022-01-29,2,
gaWiSmGCRDs,きらきら,2022-01-29,2,
lukgJY7oHKI,あいわな,2022-01-29,2,
JB_XVkFmp0,【DISCORD SINGS】Hololive ID sings ""id:entity voices"【Hololive Indonesia】,2022-01-29,0,
LaZIY8bYf-k,絶対忠誠♡なのなのら！,2022-01-30,2,
AAwJ0_uqhb4,《COVER》Hontou no Oto - KOKIA || HAKOS BAELZ,2022-01-30,1,
cDQtEo5fNwI,≪AFTER-PARTY≫ Did you hear the true sound?,2022-01-30,5,
291fc-Dswv0,Yogiri sings Cynic [1st Video/Cover],2020-12-20,4,
NWyOVMuXHTY,Yogiri sings Happy Halloween [Halloween Cover],2020-12-20,4,
rg1iOXgh89w,Yogiri sings Snow halation [Christmas Cover],2020-12-20,4,
rLdkf83jlho,Yogiri & Suzune sing summertime [Valentine's Day Cover],2020-12-20,4,
qbNklTO28J0,Yogiri sings Pretender [Birthday Cover],2020-12-20,4,
z4XuflFKtt0,"Yogiri sings Watashi, Idol Sengen (私、アイドル宣言) (1st Anniversary Cover)",2020-12-20,4,
ZBzkTnLiteg,Yogiri sings Lost Desire [Arcaea Cover],2020-12-20,4,
yW5K73ZNRJk,Yogiri sings Saisei (再生),2020-12-20,4,
QpWoW36wJII,フォニイ / 鷹嶺ルイ(cover),2022-01-31,1,
NK6Elz5MrqQ,Re:Hello world / 律可【オリジナルMV】,2020-06-28,0,
Qaw_0U-WzLk,アーカイブ,2021-05-22,2,
fOhjEjn-hY8,【歌ってみた】フォニイ / ツミキ『covered by 律可』,2021-09-11,1,
58UIngF4pHs,#5【THE RIKKA TONE】花に亡霊ピアノバージョン / ヨルシカ covered by 律可,2021-08-28,1,
u89TjSF9z9A,#4【THE RIKKA TONE】春を告げる ピアノバージョン / yama covered by 律可,2021-08-11,1,
5HWCMh1ZmzE,spiral tones / 律可 Mori Calliope【オリジナルMV】,2021-05-10,0,
qBTwQl3YWaQ,【歌ってみた】ヴァンパイア / DECO*27『covered by 律可』,2021-04-15,1,
-gfz6uArW8A,#2【THE RIKKA TONE】カワキヲアメク / 美波 covered by 律可,2021-04-02,1,
oGi8J41AHhg,#1【THE RIKKA TONE】 I LOVE... /Official髭男dism covered by 律可,2021-03-16,1,
yYTQXck8jr8,インフェルノ（Inferno） / Mrs. GREEN APPLE【 アニメ炎炎ノ消防隊OP】 Covered by 律可,2021-02-12,1,
A8udlo9FfPY,【男性キー】アンコール / YOASOBI Covered by 律可,2021-01-27,1,
Jq4cvbPt3Gk,【バンド演奏】sailing day / BUMP OF CHICKEN 『Covered by 律可』#VTuberバンド企画,2020-11-16,1,
OzXPlX9KgJk,ブリキノダンス / 日向電工『covered by 律可』,2020-08-23,1,
PeuIvDUBCw8,ライラック / 美波 covered by 律可【#V歌リレー】,2020-05-30,1,
IpEltC_uC94,秒針を噛む / ずっと真夜中でいいのに。『covered by 律可』,2020-03-13,1,
ku0p-YmmpwE,乙女解剖 / DECO*27『covered by 律可』,2020-01-11,1,
hbQFCDKXulg,シャルル / バルーン 『covered by 律可』,2019-11-23,1,
BS_b8USqdd4,傘 / King Gnu 『covered by 律可』,2019-10-26,1,
hlHeOOpgZLY,だから僕は音楽を辞めた / ヨルシカ 『covered by 律可』,2019-10-20,1,
JJrHG8wu0FQ,#3【THE RIKKA TONE】ばーか 。/ あれくん covered by 律可【メン限】,2021-05-26,1,
9XYweRCPbA8,弾き語り 香水/瑛人 １chorus.ver『covered by 律可』,2020-06-14,1,
ZQ0Gpdh79-0,うちで踊ろう／星野源×律可,2020-04-06,1,
pNAScFzzCKM,弾き語りアイネクライネ/米津玄師１chorus.ver【#りつすた/ホロスターズ】,2020-01-04,1,
hwW6vuWdzCM,ヒプノシスマイクFling Posse「Shibuya Marble Texture-PCCS-」Covered by 律可・花咲みやび・影山シエン,2021-03-05,1,
oUNbANUihwc,【piano arrange】 Uru「あなたがいることで」テセウスの船 主題歌 / Covered by 律可×波羅ノ鬼,2020-10-16,1,
gL5upTOexWk,【星乃めあ×律可】The Beginning - ONE OK ROCK【歌ってみたコラボ】映画『るろうに剣心』主題歌,2020-09-26,1,
NYEe2XsS_cA,ロキ / みきとP Covered by ふくやマスター＆律可,2020-01-02,1,
-gJOyj7Qz0I,【歌ってみた】走れ / アステル 夕刻ロベル,2021-12-18,1,
1EhYg1GlsA4,未来銀河と汽笛のメロディー / アステル・レダ 【オリジナルMV】,2021-12-07,0,
VI1ZWkQadTc,あゝオオサカdreamin'night / どついたれ本舗【Covered by 夕刻ロベル・岸堂天真・アステル】,2020-06-29,1,
d0bzKnl5uek,SunTempo / ニホンノミカタ-ネバダカラキマシタ- 【歌ってみた】,2021-06-29,1,
nRCytQ4gtOg,『歌ってみた』One more time,One more chance / アステル(Astel Leda),2020-12-07,1,
0D-tcQjYf28,『歌ってみた』エンヴィーベイビー / Astelleda with Kureiji Ollie,2021-03-27,1,
bEscerJrbTA,『歌ってみた』グッバイ宣言 / Astelleda,2021-04-24,1,
d-XSkvEVg20,『歌ってみた』Mela! / Astelleda,2021-06-06,1,
2NZu7Pt1_nE,【歌ってみた】夢ファンファーレ / アステル 影山シエン,2021-07-16,1,
wixYwLCSyjs,【歌ってみた】くたばろうぜ/岸堂天真 アステルレダ,2021-08-14,1,
pOsqlM_6JcI,【DUET COVER】おこちゃま戦争 (Okochama Sensou) - Kureiji Ollie & Astel Leda,2021-10-21,1,
0pRHvO__ibQ,未来銀河と汽笛のメロディー,2021-12-08,2,
1KUZHKI-BDk,ロウワー / 星街すいせい(cover),2022-02-01,1,
ek2q2tF0K0A,無理矢理【神っぽいな】弾き語りしてみた！！ covered by 律可 #shorts #ホロスターズ,2022-02-01,1,
cPABaoTPwxA,Pastel Tea Time,2022-01-31,2,
_J_HNeAXM6w,ペルソナ,2022-01-31,2,
s-wDgxGCj4g,アニマル/沙花叉クロヱ(cover),2022-02-02,1,
aINNB2g6cIA,【フルアニメーションMV】猫ならばいける / AZKi【 #アニAZ 】,2022-02-02,1,
X_Z8XP22mMo,白金ディスコ/大神ミオ(cover) -VARK LIVE version,2022-02-02,1,
o6C7-azdU7I,【Cover】 シンデレラ (Cinderella) ／ Pavolia Reine,2022-02-03,1,
aetXqd9B8WE,【ORIGINAL SONG MV】「Q」- Calliope Mori x Gawr Gura x DECO*27,2022-02-04,0,
pNdwmpntGMk,コネクト/雪花ラミィ(cover) -VARK LIVE version,2022-02-03,1,
KuJqugIum1I,半年前と別人！？歌い方変えてみた①　#Shorts,2022-02-03,6,
mFLu8TKDsrk,【それが私たちのサガだから】徒花ネクロマンシー／COVER LIVE Ver.【ポルカプロデュース】,2022-02-04,1,
pgQ7t90WqQI,Los!Los!Los! / 獅白ぼたん(cover) -VARK LIVE version,2022-02-04,1,
sG8yKByxSR0,【オリジナル曲】Silent Night Requiem【荒咬オウガ】,2022-02-05,0,
6coXuw58lu8,【Daydream Afterparty】Improvise, Adapt, Overcome,2022-02-09,5,
7KSQ-orL5h0,NYA NYA RAP,2022-02-09,0,
6W749jRBg-4,【Original Song MV】Daydream - Ouro Kronii,2022-02-09,0,
E6LWLQjgynE,神っぽいな / 湊あくあ/天音かなた Cover【ホロライブ】,2022-02-09,1,
XuyBtGbYxL8,Stellar Stellar （Daybreak ver.）,2022-02-11,2,
LYAM4vV4Xew,駆けろ （Daybreak ver.）,2022-02-11,2,
ibvznB_rW2g,diorama （Daybreak ver.）,2022-02-11,2,
S36Phxi8laY,海想列車 （Daybreak ver.）,2022-02-11,2,
6zHaFJlC2Ww,Shiny Smily Story （Daybreak ver.）,2022-02-11,2,
JhUr_7OMcSY,キミだけのメロディ （Daybreak ver.）,2022-02-11,2,
bazumQf5skw,アイリス （Daybreak ver.）,2022-02-11,2,
qLaGnO_5Ri0,ほめのび （Daybreak ver.）,2022-02-11,2,
oUetAzHGCPo,コトノハ （Daybreak ver.）,2022-02-11,2,
BdOKMZ3fA0w,マドロミ （Daybreak ver.）,2022-02-11,2,
m1VuEIVLM7Y,【歌ってみた】誇り高きアイドル / アステル,2022-02-11,1,
vjBZzYN3aAs,【Kiara x Amelia】Dreamin Chuchu / どりーみんチュチュ SONG COVER,2022-02-14,1,
WBi1w_cOKfA,ビターチョコデコレーション弾き語りver/syudou　covered by 律可 #shorts #ホロスターズ,2022-02-14,1,
aWGed8Cqy7g,トゥインクル / 角巻わため(Cover),2022-02-14,1,
Qls96eA-n6Y,ビターチョコデコレーション / ラプラス・ダークネス Cover,2022-02-14,1,
e-mI0HJr3VA,【original】SecretClass/癒月ちょこ【ホロライブ】,2022-02-14,0,
OTEZi88c6dc,【歌ってみた】夢にエール！パティシエール♪(Yume ni eeru! patishieeru♪) - Kureiji Ollie &がんばるぅ子 (Cover),2022-02-14,1,
MsSyGa_S4BM,【COVER AFTER PARTY】DID WE GIVE YOU DIABETES~?💖w/ @がんばるぅ子 RUUKO CHANNEL 【Hololive Indonesia 2nd Gen】,2022-02-14,5,
1radNlXGZQs,Secret Class,2022-02-15,2,
stmZAThUl64,【Original Song】High Tide - Moona Hoshinova,2022-02-15,0,
4ZRsOI1RCN4,心予報 - Eve/Covered by 博衣こより【ホロライブ】,2022-02-14,1,
fDJ_2blPVWc,High Tide,2022-02-16,2,
U9OrRMZJJeo,ジンギス団ラップ【角巻わため/ホロライブ４期生】,2022-02-17,0,
j3zN-p65j3Q,ジンギス団ラップ -30分耐久-【角巻わため/ホロライブ４期生】,2022-02-17,3,
swX1O_a_vAk,【アニメMV】あいわな／湊あくあ,2022-02-18,0,
2UP3DO56dh4,【cover】マーシャルマキシマイザー(Marshall Maximizer) / Anya Melfissa,2022-02-18,1,
cDCrIWMNWEA,【オリジナル】シューティングスター/岸堂天真,2022-02-18,0,
BF3PueU_Wuk,【After-Talks】m a x i m i z e r【hololive Indonesia 2nd Generation】,2022-02-18,5,
D62my61B5aQ,開花宣言,2022-02-19,2,
vDtHRKRHqa8,【#花岸新衣装】森の中は危険がいっぱい⁉みやびと新たなお友達【花咲みやび/ホロスターズ】,2022-02-18,5,
c1M_MllbaBs,三原色／不知火フレア(Cover),2022-02-20,1,
MxwV963ZNEU,【MV】Love Me Love Me ／ Pavolia Reine【Original Song】,2022-02-25,0,
b5djTDjlTNM,Fantastic future/大空スバル(cover) -VARK LIVE version,2022-02-21,1,
fGnwsd9cM-4,アニマル - 尾丸ポルカ(cover),2022-02-22,1,
D2b8rEI3huw,Gate Open: START!,2021-09-10,2,
nLhlfRvIuko,Gate Open: START! (Japanese ver.),2021-09-10,2,
yz8AiQc1Bk8,あの青空のせいだ,2021-12-07,2,
PgfZckuqCb0,Love Me Love Me,2021-12-07,2,
g3x9O4OxkGE,The Grim Reaper is a Live-Streamer （Lofi Ver.）,2022-02-22,2,
4dkup34LO6E,Red （Lofi Ver.）,2022-02-22,2,
d9wU7S2f-MQ,Guh （Lofi Ver.）,2022-02-22,2,
KqM7Fi_tIlI,いじめっ子Bully （Lofi Ver.）,2022-02-22,2,
vBNI979XyoE,Caesura of Despair,2021-07-12,2,
-kXR71zGy3o,diorama,2021-07-12,2,
xGH-6CaG8HI,HERE COMES HOPE,2021-07-12,2,
w5w1lfb-RMs,Caesura of Despair（attacca ver.）,2021-07-12,2,
qJlGcv0n59w,Graveyard Shift,2021-12-10,2,
vz4m-D30SAw,Dawn Blue,2021-12-29,2,
LuQmPeK3tN4,居場所,2021-03-07,2,
_3wLBFyS5qU,デタバレネコ / 猫又おかゆ,2022-02-22,0,
4n6YO-jfhxA,Kiara x Amelia - Dreamin Chu Chu Dance Ver,2022-02-22,1,
6Fd6ZA_EMcU,デタバレネコ,2022-02-23,2,
4IRmpJmoefA,KumoHurray!,2022-02-22,2,
cWDRKNLFBmc,花時の空（はなどきのそら）,2022-02-22,2,
4N3smY1pKgo,Fragile - Amane Kanata(cover),2022-02-23,1,
U-9M-BjFYMc,【HoloCouncil】 Hikaru Nara / 光るなら COVER,2022-02-23,1,
U77bmsezHTo,怪獣の花唄／ Vaundy（Covered by 歌衣メイカ・奏手イヅル・アステル・レダ）【歌ってみた】,2022-02-18,1,
_f0VwOf9UNA,【 Q&A=E / Kyawaii 】 Coming Soon on White Day,2022-02-14,3,
Zx_0tXVn1h0,【歌ってみた】ロメオ/HoneyWorks【岸堂天真/花咲みやび/ホロスターズ】,2021-03-14,1,
wTCInki1Ew8,【歌ってみた】ハッピーシンセサイザ/EasyPop【岸堂天真/ホロスターズ】,2021-04-18,1,
M7bRLFkcdiE,【歌ってみた】君に届け【Covered by 岸堂天真/ホロスターズ】,2020-12-14,1,
PinEZtXpYYQ,【Cover】Happy Halloween【花咲みやび×岸堂天真】,2020-10-31,1,
5PCJnfiNuL4,ドレミファロンド/Covered by 花咲みやび,2020-03-03,1,
59NCxc_iXGE,【歌ってみた】ヒロイン育成計画【Covered by 岸堂天真/ホロスターズ】,2020-07-12,1,
OpveB76DTZk,[MV] HappinessWorld [Houshou Marine, Shirakami Fubuki],2022-02-24,0,
Zy6Vm8BTJLQ,【freetalk】ちょこ先生はSecretClassのMV語りたい【ホロライブ/癒月ちょこ】,2022-02-24,5,
KkQ-PvfqjQw,【歌ってみた】夜撫でるメノウ / Ayase『covered by 律可』,2022-02-24,1,
WChd2VyXDJQ,Happiness World,2022-02-25,2,
pjP0ZgPixbs,#shorts【歌ってみた】夜撫でるメノウ / Ayase『covered by 律可』,2022-02-25,6,
1CHpbbE2QNU,BEGINNING,2022-02-26,2,
vWiFw4QNyRw,【告知あり】オリ曲公開カウントダウン歌枠＆軽い告知！【沙花叉クロヱ/ホロライブ】,2022-02-26,5,
IxOjRtMv3Cg,【オリジナル】人生リセットボタンぽちーｗ【沙花叉クロヱ/ホロライブ】,2022-02-26,0,
t53BvAB9pps,【MV RELEASE PARTY】LOVE ME LOVE ME【Pavolia Reine/hololiveID 2nd gen】,2022-02-26,5,
ql-Fz2Ojfl8,See the world,2022-02-27,2,
bhkfm1dX7BM,【MV】See the world / IRyS【Original Song】,2022-02-27,0,
eldLKxKLAZI,【RELEASE PARTY】Woooo! :D,2022-02-27,5,
TTfkhz6cwHQ,【Cover】街灯がさびたまま(シロムーン) / 奏手イヅル,2022-02-27,1,
YKhbP57HVNo,≪#ItsNotBaesBday≫ NOT-BIRTHDAY STREAM,2022-02-28,5,
na6bysYNuS0,【ORIGINAL MV】PLAY DICE! || HAKOS BAELZ,2022-02-28,0,
lgAs5Gx0mGw,magnet/宝鐘マリン・潤羽るしあcover,2019-11-02,1,
-tCCxAhz_OA,Magnet by Houshou Marine and Uruha Rushia,2020-08-11,4,
1wBBOniY5is,ファンサ/夏色まつり(cover) -VARK LIVE version,2022-02-28,1,
tfcEsYGKy0E,【cover同時視聴】祝デビュー3カ月♡雑談しながら一緒にみよ✨【鷹嶺ルイ/ホロライブ】,2022-02-28,5,
zDBDb3T728c,MIRA / 鷹嶺ルイ(cover),2022-02-28,1,
XnbxAaIJHfI,夜もすがら君想ふ / 夏色まつり cover,2022-03-02,1,
sT21xJGfhxI,Play Dice!,2022-03-01,2,
j3dz86tN6wk,【ほぼ毎日ショート#59】最新cover songをしつこく宣伝！ #shorts,2022-03-02,6,
YSS1fMtVkks,【W/X/Y】弾き語りしてみた！！ covered by 律可 #shorts #ホロスターズ,2022-03-02,1,
8cI76r7KvIs,【オリジナル】開花宣言/花咲みやび,2022-03-03,0,
KjYQB0DH2IE,Yona Yona Journey,2021-12-22,2,
APB19Vr233c,Sanji Juunihun,2021-12-22,2,
vJaj__bCxqo,GHOST,2021-04-14,2,
0QwHPgMHPkQ,Sanji Juunihun,2021-07-14,2,
yOsls1Swb_o,アイデンティティ / 猫又おかゆ＆鷹嶺ルイ(cover),2022-03-06,1,
SqrwHmo_sGg,【Identity】IRyS Song Cover『アイデンティティ』,2022-03-07,1,
JkR9vPsPXiE,end of a life,2021-10-01,2,
dQKei2mtbOY,≪AFTER-PARTY≫ HEWWO,2022-03-09,5,
TXD4qJHN4ac,ダーリンダンス / さくらみこ(cover),2022-03-09,1,
o9r6lFYK9SE,僕は初音ミクとキスをした / 星街すいせい(cover),2022-03-10,1,
yM2_YycccsM,【cover】シェーマ(Schema) / Anya Melfissa,2022-03-12,1,
tNBq_N2C64A,創造 / 獅白ぼたん(cover),2022-03-12,1,
D6AmCNdwT7E,born to be real,2022-03-12,2,
Rd6kufQ7ONc,【 Original Song 】 Q&A=E | Kyawaii 【 Airani Iofifteen | イオフィ 】,2022-03-14,0,
YxKXH61Qrgo,【情報☆解禁】お知らせ☆緊急コラボ！【潤羽るしあ/ホロライブ】,2020-10-22,5,
ij10Puyh8qc,おねがいダーリン／博衣こより【歌ってみた】,2022-03-15,1,
CEvh8XRjvY4,YONA YONA DANCE - 和田アキ子 / 猫又おかゆ(cover),2022-03-15,1,
8wmZLF97jjw,【 推しカメラ 】惑星ループ / さくらみこ Dance ver. #さくらみこ生誕祭 バーチャル3Dライブ 2022【ホロライブ/さくらみこ】,2022-03-15,1,
n5Z_36wYLdI,Q & A=E,2022-03-15,2,
EHqKKGuE5Fc,[期間限定]【Tokyo 7th シスターズ】GHOST,2022-03-08,1,
iq13IzGRan8,[期間限定]【Tokyo 7th シスターズ】未練レコード,2022-03-08,1,
lTqIy_SVDgc,[期間限定]【Tokyo 7th シスターズ】The Last Frontier,2022-03-08,1,
03bbzlaPhvQ,ヒトリゴト // covered by 桃鈴ねね＆雪花ラミィ【歌ってみた】,2022-03-18,1,
B0K18JoMhXg,Q,2022-03-21,2,
SwOat0JYPAY,Dead On Arrival,2022-03-21,2,
YYxGyh4_90U,Graveyard Shift,2022-03-21,2,
Lq0xVtTr5a0,Lose-Lose Days,2022-03-21,2,
tuTSmrDwyLw,HUGE W,2022-03-21,2,
Hve3-Uum7dk,Resting Power,2022-03-21,2,
sEtUyl7Ryu4,Scuffed Up Age,2022-03-21,2,
r1Iq738NU5o,Ouroboros,2022-03-21,2,
57ytHNCSTNY,UnAlive (Japanese Version),2022-03-21,2,
1fX6qYFXemY,Prism Melody,2022-03-13,2,
0-8dyaO3BkY,ときのそら「Happy Meowthday!!」Teaser #Shorts,2022-03-21,6,
HSC3BheJuhU,【3D MV】「UnAlive」- Calliope Mori (Original Song),2022-03-21,0,
eKgpKQijbJI,【RELEASE PARTY】UnAlive is FINALLY OUT...!,2022-03-22,5,
EFiLyt0nDTU,【COVER】GEKKOU | 月光【Moona | ムーナ】,2022-03-22,1,
nCQ_zZIiGLA,REFLECT - Gawr Gura,2022-03-23,0,
AUP3OI9Yhmc,点描の唄 /Cover 湊あくあ/猫又おかゆ【ホロライブ】,2022-03-23,1,
D8pdSRs_C4o,桜ノ雨 / 常闇トワ×さくらみこ×アキ・ローゼンタール×尾丸ポルカ×風真いろは(cover),2022-03-23,1,
lv7UI1livw4,【フルアニメーションMV】発光体ソーラーサイクル / AZKi【 #アニAZ 】,2022-03-24,0,
psjPl3nc9ug,【???】,2022-03-25,3,
5t60NWXXkQI,フクロウさん / 鷹嶺ルイ(cover),2022-03-25,1,
NmVGKfz0MEs,沙花叉クロヱ MV - 「耀かし」,2022-03-26,0,
0oMT_6Zu4a4,ねぇねぇねぇ。／Covered by紫咲シオン＆湊あくあ【歌ってみた】,2022-03-27,1,
_XRVwwVM9-g,【singing】オリ曲公開カウントダウンしながら歌枠！【沙花叉クロヱ/ホロライブ】,2022-03-26,5,
wQ1_0oeXW6M,【Cover】 残響散歌 「Zankyou Sanka」/ Vestia Zeta,2022-03-28,1,
SF-_47-oCtk,【ORIGINAL SONG MV】Mantra Hujan - Kobo Kanaeru 【hololive Indonesia 3rd Gen】,2022-03-27,0,
xn5Ym8OJtus,Hololive Special MEDLLIE - Kureiji Ollie,2022-03-28,1,
ueMQzq_13oI,#iofi_QnAE Original Songs Freetalk +Risu +Moona,2022-03-14,5,
M1rEe7UR4No,あかつきと花,2022-03-31,2,
kVpUEVhrC0U,【フルアニメーションMV】オーバーライト / AZKi【 #アニAZ 】,2022-03-31,0,
mBuHQeL-OO8,TEMPLATE / 星街すいせい(official),2022-03-31,0,
Kwq2AG0Dm0k,01. C-MAN (YUNG SH1N1GAM1 B01),2022-04-01,0,
8pgLaALrlBE,【歌ってみた】『エンヴィーベイビー』×『KING』/Kanaria【covered by 夜十神封魔/羽継烏有/緋崎ガンマ/水無世燐央】,2022-03-31,1,
lcBPKULc8vE,02. Street FITE (YUNG SH1N1GAM1 B01, Hayko),2022-04-01,0,
Cs2Ns8u5Agg,03. My Reality (YUNG SH1N1GAM1 B01),2022-04-01,0,
Dr44J7r125Y,U＆I / 猫又おかゆ × 戌神ころね(cover),2022-04-01,1,
sqEd2W6TEgk,【3周年記念日】楽しい時間を過ごそう！告知もある！🍙🥐【 ＃おかころ /ホロライブ】,2022-04-01,5,
Qg9Uj371GaA,【30分耐久BGM】Aqua Step Allegretto / 湊あくあ【公式】,2022-04-01,0,
n-ltVoeVdLU,TEMPLATE / 星街すいせい(official),2022-04-01,2,
88QKF3yuiyI,Wicked,2022-04-01,2,
SccWdDlgQU0,[MV] MONEY (Hand Me The Glock) YUNG SH1N1GAM1 B01,2022-04-02,0,
l7tf95QJSXs,【SMOL AME】Meme Review & 1 year Anniversary~ #ameme,2022-04-02,1,
pnKRl9KuTeU,【歌ってみた】君の脈で踊りたかった/ピコン【covered by 水無世燐央】,2022-04-02,1,
hXnnN50-r-s,【雑談】歌ってみた振り返り！/水無世燐央【 #アップロー / #ホロスターズ】,2022-04-02,5,
dJtME9ULWQ8,ロキ/白上フブキ&影山シエン(Cover),2022-04-02,1,
NOrfhrL0D9k,【COVER】Ookami Blues ~,2022-04-03,1,
NPdl2eZvkqo,新曲「TEMPLATE」聴いてね‼ #Short,2022-04-03,6,
IGv9EPBvfCc,UnAlive,2022-04-04,2,
scbA1RsnfJ8,Dead On Arrival,2022-04-04,2,
wWJHU-Auiuo,Scuffed Up Age,2022-04-04,2,
eJSDT-5jOhg,Q feat. Gawr Gura,2022-04-04,2,
M85xU-tbQ6c,[ORIGINAL SONG] CapSule - Mori Calliope x 星街すいせい,2022-04-04,0,
3t35f3gqTw0,CapSule,2022-04-04,2,
QkQ5SfZ0YlM,なにやってもうまくいかない / 猫又おかゆ(cover),2022-04-06,1,
ZAKNLeSjuVk,「???」/ Yatogami Fuma【Original RAP】,2022-04-06,0,
3RW54x_6eRc,新曲「Wicked」聴いてね‼ #Short,2022-04-07,6,
rmWKzc_Nmvs,ちょっとあざとい／天音かなた(cover),2022-04-09,1,
71HMRrO1XSQ,【MemberOnly】歌ってみたプレミア公開にチャットあるの忘れてたからこっちは22:05に開始だ！！！【天音かなた/ホロライブ】,2022-04-09,5,
1IIX8hBvVuY,ロキ / AZKi × 桃鈴ねね (Cover),2022-04-10,1,
PjtKGRTvH7c,【 歌枠 】#ねねあず オフコラボ！【 桃鈴ねね / AZKi / ホロライブ 】,2022-04-10,5,
XXuMwJIAHsY,ギラギラ / 常闇トワ(cover),2022-04-10,1,
DFGJ8PhjrlM,魔法少女とチョコレゐト ♡ 星川サラ＆紫咲シオン【歌ってみた】,2022-04-08,1,
gjQugctqXt0,Midnight Grand Orchestra「SOS」MUSIC VIDEO,2022-04-13,0,
sCxhs5NCY6w,Midnight Grand Orchestra Teaser,2022-04-06,6,
IbyDQoXBlbk,Midnight Grand Orchestra Teaser,2022-03-31,6,
FBJF9GiFfNM,Teaser Movie,2022-03-30,6,
5NRLyIiDds0,SOS,2022-04-13,2,
J8nbk2sep1E,CINDERELLA (Giga First Night Remix) SONG COVER by Takanashi Kiara,2022-04-13,1,
FPgMThnvJTY,【Aftertalk】New Song Cover!!! 🎇 Let's Chat!✨ #kfp #キアライブ,2022-04-13,5,
wLNTAMY1NZA,Doggy god's street / 戌神ころね,2022-04-13,0,
mmqalPNWw4I,鬼灯日和,2022-04-15,2,
0O9GS69wn3U,水際エンドロール,2022-04-16,2,
8Shjhs7WLzY,HI-15,2022-04-16,2,
WzgvZ-SBUJc,HI-15 (Japanese ver.),2022-04-16,2,
uXiGUZb44hg,【#Area15Day】HAPPY 2ND YEAR ANNIVERSARY AREA15 : NEW YEAR, NEW JOURNEY【AREA15】,2022-04-15,5,
XSZNNbbVuho,【ORIGINAL 3DMV】 HI-15 - hololive Indonesia 1st Generation (Risu, Moona, Iofi),2022-04-15,0,
t506FUrsOa4,フォニイ // covered by 雪花ラミィ,2022-04-16,1,
XpgSrULHibg,アスノヨゾラ哨戒班 ／ Startend cover,2022-04-16,1,
MWb_OkT6XZk,Doggy god's street,2022-04-17,2,
03qYEDVV_DI,【OLLIE'S SECRET SIMP BOOK: HOLOID】SO I MAY HAVE NOT SECRETLY SIMPED + ANNOUNCEMENT【HoloID 2ndGen】,2022-04-17,5,
2ZqtRc3fa_s,Original Song - JOLLIE JOLLIE (Prod. KOTONOHOUSE),2022-04-18,0,
r9Nt3tWEfA4,JOLLIE JOLLIE,2022-04-19,2,
ZEeXcfYRPUo,Haachama & Calli visits Yagoo at the Hololive Office | 7 Rings ( feat. Haachama ),2022-04-19,1,
AvOu9B5rsdA,[MV] AyaFubuMi - Hozukibiyori [Digital Streaming Available!],2022-04-19,0,
fTiLguEpX5Y,HI-15 (Japanese ver.) - hololive Indonesia 1st Generation (Risu, Moona, Iofi),2022-04-19,0,
hH7k_a63lrs,【 推しカメラ #Shorts 】なわとびダンスが可愛すぎる👀 Happy Strawberry / さくらみこ Dance ver. #さくらみこ生誕祭 【ホロライブ/さくらみこ】,2022-04-19,6,
bNHyZrpiaII,あざとく「バニー」歌ってみた / 夜空メル(cover),2022-04-20,1,
SFVZRPwFlWY,中空の庭,2022-04-21,2,
bg9M4KTNnHY,オレンジ / とらドラED full covered by 桃鈴ねね Kiara,2022-04-21,1,
Xdh6iVRzv_k,アニマル / 博衣こより(cover)【ホロライブ/歌ってみた】,2022-04-21,1,
i6ePlXqZa88,Kimiiro Hanamizuki/Tsunomaki　Watame【original】,2022-04-21,0,
nbB3KsFRv4U,【Cover】Beat Eater / calliope × reine × suisei,2022-04-22,1,
r20vlEbFGyo,プロローグ - Uru / 鷹嶺ルイ(cover),2022-04-22,1,
4pjEF0tV4VE,【歌ってみた/cover】ゆずれない願い【ときのそら】,2022-04-21,1,
pXb8617oUkk,君色ハナミズキ,2022-04-22,2,
RhOr2PFV9KM,【歌ってみた】DAYS / FLOW covered by アルランディス&律可 【ホロスターズ】,2022-04-22,1,
mW1GHdk3csI,新曲「君色ハナミズキ」視聴Movie！Fullも聴いてね！ #shorts,2022-04-22,6,
3CQJ0gJ5AKE,フォニイ／天音かなた(cover),2022-04-22,1,
_IZ9pzaOA_4,ホロライブ】トンデモワンダーズ　踊ってみた #Shorts,2022-04-22,1,
x08ODvaQAqU,フォニイ / 大神ミオ(Cover),2022-04-24,1,
UAMhYU9SHzo,【MV】*Luna - ピース！！【DAY1 - VTuber Fes Japan 2022】 公式テーマソング,2022-04-22,0,
gDfd2ICWezg,【MV】*Luna - ピース！！【DAY2 - VTuber Fes Japan 2022】 公式テーマソング,2022-04-22,0,
oGzm_jeaAuw,BLUE CLAPPER -PandaBoYremix-,2022-04-26,2,
0qomiyjPNDc,愛昧ショコラーテ -PandaBoYremix-,2022-04-26,2,
ZKT8nvvlAs4,おにけもだんす -PandaBoYremix-,2022-04-26,2,
WJQveddc_Q4,[オリジナル曲] 中空の庭 - 天音かなた,2022-04-26,0,
zWskZx7Lp2Q,回レ！雪月花 / AZKi × 白上フブキ × 宝鐘マリン (Cover),2022-04-26,1,
gQleX_4y0n8,【NEW YABE】Let's Talk About Beat Eater Cover!【Pavolia Reine/hololiveID 2nd gen】,2022-04-23,5,
u_hUpHUTJwQ,【original animation MV】マリン出航！！【hololive/宝鐘マリン】,2022-04-27,0,
qFFDPmosuRA,【歌ってみた】シンデレラガール/岸堂天真,2022-04-18,1,
uQ1v6bVCli0,ノスタルジックJ-pop / 大森靖子 弾き語りcover,2022-04-28,1,
A6xmmMuNUUs,マリン出航！！,2022-04-28,2,
dL1lbe6D9_0,BOY / 角巻わため(Cover),2022-04-28,1,
sMLbOF54AUg,ときのそら「太陽系デスコ」（Theatrical Cover Live『Role:Play』),2022-04-29,1,
wVsacQZTmiI,３人で「LUVORATORRRRRY!」歌ってみた☆RapArrange / 夜空メル＆天音かなた＆Mori Calliope(cover),2022-04-29,1,
V20qk74Clsg,【歌ってみた】群青讃歌 / アステル 律可,2022-04-29,1,
gV0KZCUbuok,歌ってみたが上がりますが！！ましたが！！ / アステル 律可,2022-04-29,5,
6UYDpa8Zt9I,LiFE / ラプラス・ダークネス Cover 〖Osanzi〗,2022-04-29,1,
r_dr0izIQYM,キミたち…！！！！！！【ホロライブ/宝鐘マリン】,2022-04-29,5,
s7eDHROoBr4,沙花叉クロヱ MV - 「Hurt you」,2022-04-30,0,
8T-0oKwmsXM,心臓が止まるまで,2022-04-30,2,
y1bCXjrIGp0,Over Time,2022-05-02,2,
uUfqhM6zNoQ,【#いろはにコラボ】祝！鬼灯日和リリース記念！短歌第2弾発表会コラボ配信！,2022-05-04,5,
2HghssmG2KQ,【#いろはにほへっとあやふぶみ】３人ユニットコラボ！皆から募集した短歌発表会【ホロライブ/白上フブキ/大神ミオ/百鬼あやめ】,2022-01-18,5,
BfdLsTfFtyY,キメラ - 尾丸ポルカ(cover),2022-05-04,1,
aWSaIdLUE0Y,革命デュアリズム / AZKi × 律可 (Cover),2022-05-05,1,
AEGJSVH-y28,夕刻、夢ト見紛ウ / アステル・レダ × カグラナナ【 歌ってみた 】,2022-05-04,1,
Mm2s1f7kQPg,即興アカペラオリジナル曲　「なの。」/白上フブキ,2022-05-09,0,
5ArDbvfds9k,[MV] ORIO - Over Time [Amane Kanata, Tokoyami Towa],2022-05-10,0,
dnbTGUThe1Y,【#カリオペ真剣対談】Mori Calliope × 友人A 真剣対談！【重大発表あり】,2022-05-11,3,
wCT6wOii6N4,アカペラオリ曲　「流星メッセンジャー」/白上フブキ,2022-05-12,0,
W58DxtGm_tM,【プロセカ】トンデモワンダーズ　VTuberが歌って踊ってみた【ホロライブ】,2022-05-13,1,
52ychNwwJ7Y,INTERNET OVERDOSE - 尾丸ポルカ(cover),2022-05-13,1,
90CVhsx04jM,キャラメル・デビル,2022-05-14,2,
QAMuo4cqXAc,【Song Release After Party】 AHHHHHHH,2022-05-15,5,
0RMVJTLZOzQ,【Original Song MV】 Let Me Stay Here - Ceres Fauna,2022-05-15,0,
mJSFX_Sbmlk,Let Me Stay Here,2022-05-16,2,
eCyIz4GUvs0,【プロセカ】本家振り付けで「トンデモワンダーズ」踊ってみた【ホロライブ】,2022-05-15,1,
TG1U0db4WD4,酔いどれ知らず／Covered by紫咲シオン【歌ってみた】,2022-05-15,1,
ruTeLFjV894,テレキャスタービーボーイ(long ver.)／天音かなた(cover),2022-05-17,1,
DOzpsXZS-j0,[ORIGINAL SONG] MERA MERA - Mori Calliope,2022-05-18,0,
_2uazC-vG7c,MERA MERA,2022-05-18,2,
cTR0C6f3gCU,【COUNTDOWN PARTY】BURNING ALL DAY FOR "MERA MERA" MV!! #MERAMERA,2022-05-18,5,
dHGM8bZ0qfg,偽物人間40号/沙花叉クロヱ(cover),2022-05-18,1,
Pk9MXaxaTjQ,回る空うさぎ / 角巻わため×AZKi(Cover),2022-05-19,1,
hvB26v6rBxA,【歌枠】今宵は #わたあず Night Fever !!【 AZKi / 角巻わため】,2022-05-19,5,
injd7gHrIGU,『ないない』 Ninomae Ina'nis (Cover),2022-05-20,1,
uFy8iG8-fw8,【Chat】Short Chatting Stream! zzzz,2022-05-20,5,
f2QIaERaKDE,ベテルギウス // covered by 猫又おかゆ＆雪花ラミィ【歌ってみた】,2022-05-19,1,
2rJrLzhsEMs,丸ノ内サディスティック/Cover by 水無世燐央 #Shorts,2022-05-20,1,
eM3QQXzOzVE,【MV】Till the end of me / IRyS【Original Song】,2022-05-22,1,
fmz6Ds1UPkY,【MV RELEASED!!】AFTERPARTY CHAT!,2022-05-22,5,
tuZty35Fk7M,幽霊東京/ 星街すいせい(cover),2022-05-22,1,
UPaKdvhRJOI,いにしえロマンティック / P丸様。 full covered by 桃鈴ねね 夜空メル,2022-05-23,1,
-xMEtGZCsI0,【 #ねねメルねるね 】オフコラボ！リズム天国！【 桃鈴ねね / 夜空メル / ホロライブ 】,2022-05-23,5,
VyeOMeUgbeM,やっちゃったときに歌ううた #Shorts #OriginalSong【博衣こより/ホロライブ】,2022-05-23,0,
OK1IyLSqMGY,楽しかった！ぺこらんだむぶれいん！/Live ver. #shorts,2022-05-23,6,
ZZicQGI-wMk,リルビ,2022-05-24,2,
LCHboDgm1EE,合縁事変,2022-05-25,2,
ovtxZKuiaSE,【生誕祭】誕生日カウントダウン配信！逆凸するぞ！そしてでっかいお披露目告知もあるぞ！#ラプラス・ダークネス生誕祭2022【ラプラス・ダークネス/ホロライブ】,2022-05-24,5,
ZFQMUC6fUxU,【歌って踊ってみた】亡國覚醒カタルシス / ALI PROJECT Cover Robocosan【ホロライブ】,2022-05-24,1,
7AQi222UFrA,ダイアモンド クレバス / 常闇トワ×AZKi(cover),2022-05-25,1,
x_MPvKf0IDE,「Cover」Dilemma / ジレンマ - Nanashi Mumei,2022-05-27,1,
9Kjuzcwqou8,ラプラス・ダークネス - 「合縁事変」 MV,2022-05-26,0,
QMsDdlGMdII,PANIGHT,2022-06-01,2,
w3GHk5lEqxU,I'll Be Back!,2022-05-27,5,
iR9xShsBK1U,"Fever Night" - Takanashi Kiara MV TEASER,2022-05-27,3,
EEl22esi01w,【歌ってみた】セカイはまだ始まってすらいない【ときのそら/cover】,2022-05-27,1,
M8UmWCeIKyQ,毒の王子さま / 猫又おかゆ,2022-05-27,0,
5WxbAMLgd1I,水際エンドロール / 律可【オリジナルMV】,2022-05-28,0,
nDt2BD-f3aE,【Fever Night】NEW SONG LETS GOOOOO #kfp #キアライブ,2022-05-29,5,
SF4rteXN57w,Fever Night - Takanashi Kiara (Official Music Video),2022-05-28,0,
R1fJXaDodiY,[MV] NEGI☆U - PANIGHT [Minato Aqua, Oozora Subaru, Momosuzu Nene],2022-05-29,0,
LI8TNKPuk3w,フクロウさん / 沙花叉クロヱ(cover),2022-05-29,1,
Z33ebmFopbY,ライブでお披露目した新曲！いいわけバニー/Live ver. #Shorts,2022-05-30,6,
iLAwb3_8XJU,夜撫でるメノウ / 鷹嶺ルイ(cover),2022-05-30,1,
5GsFvrDgFDg,いいわけバニー/Live ver. #Shorts,0202-05-30,6,
z_jRGSbooPQ,【NEW COVER RELEASED】AFTERPARTY KARAOKE!,2022-05-31,5,
x_0Zc26jkDw,【Cover】INTERNET OVERDOSE 【IRyS】,2022-05-31,1,
5LIRZ7-niq4,【歌って踊ってみた】original 『リルビ-little bit-』　Robocosan　Live ver【ホロライブ】,2022-06-01,0,
q2rpBJyOZck,『ROSE of the LAMP』【ホロライブ/アキ・ローゼンタール】,2022-06-01,3,
X8NiwUykf8U,ニュートンダンス 歌ってみた 【小鳥遊キアラ×博衣こより #KoaraConnect 】,2022-06-01,1,
Q1PnTN0c55c,【踊ってみた】水際エンドロール / 律可,2022-06-01,0,
hZmn5dITwAQ,【雑談枠】ダンス動画もあげたしオリ曲とか最近の話もする！【律可/ホロスターズ】#りつすた,2022-06-01,5,
09srHEBc48g,ドヤっとVピース☆,2022-06-01,2,
owB9bIpw83M,【LIVE映像】ホロライブ1期生みんなで『 plasmagic seasons!』,2022-06-02,0,
l6cWtuNllv4,ナンデダメナン？,2022-06-01,2,
O4le2Xqip8E,よくばりキュートガール,2022-06-01,2,
zxTarx9eJAM,[MV] NEGI☆U - PANIGHT [Minato Aqua, Oozora Subaru, Momosuzu Nene],2022-06-03,0,
x5H2kX6zuWY,【男性キー】酔いどれ知らず / Kanaria『covered by 律可』歌ってみた,2022-06-05,1,
9qCdcduWmgQ,KINGWORLD,2022-06-04,2,
6-2nAu8EycQ,【3D LIVE映像】MOON PRIDE【夜空メル×アキ・ローゼンタール×角巻わため×尾丸ポルカ】美少女戦士セーラームーンCrystal OPテーマ,2022-06-04,1,
GyWPn8ADczQ,【3D LIVE映像】色彩のブルース-雨の街で気分よく歌って踊ってみた-【アキ・ローゼンタール/ホロライブ】,2022-06-04,1,
Ywld5Y1_ruI,【3D LIVE映像】幸せになれる隠しコマンドがあるらしい【戌神ころね×アキ・ローゼンタール/ホロライブ】,2022-06-04,1,
7Ar8HnHegMA,【3D LIVE映像】Here TVアニメ「魔法使いの嫁」OP曲【アキ・ローゼンタール/ホロライブ】,2022-06-04,1,
-P6sDt0Yh30,【3D LIVE映像】君の銀の庭 "Your silver Garden"劇場版 魔法少女まどか☆マギカ [新編] 叛逆の物語 ED【AZKi/大神ミオ/アキ・ローゼンタール】,2022-06-04,1,
mVHIH5Uj6mA,【3D LIVE映像】OP ACT ーAKIROSE WORLDー【アキ・ローゼンタール/ホロライブ】,2022-06-04,0,
Af3YXba5dhI,【#白上４周年じゃい】　～Comeback Costume～【ホロライブ/白上フブキ】,2022-06-03,3,
ss1uZqiSbzM,【3DLIVE映像】『ROSE of the LAMP』歌って踊ってみた！【Aki Rosenthal】,2022-06-03,0,
wj4_wSyiqME,【歌ってみた】僕は今日も / アステル,2022-06-06,1,
ozH28qYrMy4,【MV】Dreamy Sheep / Tsunomaki watame 【original】,2022-06-06,0,
F8Rw1zzl0LI,夢見る羊,2022-06-07,2,
ClqSKQJBZFw,アイデンティティ／Covered by紫咲シオン＆星川サラ【歌ってみた】,2022-06-06,1,
jXIzziEvXDo,【囁き声で】贖罪／天音かなた(cover),2022-06-06,1,
HiURfGAxOpQ,「ダーリンダンス」歌ってみた / 夜空メル(cover),2022-06-07,1,
WYLwCOhS2zs,【 推しカメラ #Shorts 】新衣装お披露目の瞬間！- 拍手喝采歌合 / さくらみこ Dance ver. #さくらみこ3D新衣装【ホロライブ/さくらみこ】,2022-06-07,1,
Rc_-keez4xs,トリコロージュ / 星街すいせい(cover),2022-06-08,1,
eAk9Vn4psQI,【歌ってみた】ぎゅっと。 / 湊あくあ cover,2022-06-10,1,
FxI_i6Myhm8,Takanashi Kiara PERFORMS 「Renai Circulation」 Live @Dokomi 2022,2022-06-10,1,
R8y1aWMlPOs,【Original Song MV】Astrogirl,2022-06-11,0,
fRsjv-JKyf8,[hololive Alternative] 2nd Teaser,2022-06-11,0,
JB3C9i2TcKM,Astrogirl,2022-06-11,2,
M_oHMwhSJ1g,恋情詩歌,2022-06-06,2,
AI24NCKB7-k,Renai Circulation / Gawr Gura x Murasaki Shion (Cover),2022-06-13,1,
geEGzouutR4,キメラ / 沙花叉クロヱ(cover),2022-06-13,1,
23w6ThmX4a4,アイデンティティ- Kanaria / Covered 風真いろは×ラプラス・ダークネス,2022-06-13,1,
aFRbb1pyn5M,白金ディスコ／Covered by紫咲シオン＆Gawr Gura【歌ってみた】,2022-06-14,1,
7-kPeaRQKsg,SPACE! WAVE! AKIBA-POP!! / AZKi × 尾丸ポルカ (Cover),2022-06-14,1,
m0q5yODCFNg,Takanashi Kiara PERFORMS 「VIVA HAPPY」 Live @Dokomi 2022,2022-06-14,1,
Iw0FJmgwdPQ,Empress - 尾丸ポルカ(cover),2022-06-16,1,
Mt5SB2igQUM,【Original】WAO!! - 博衣こより 【ホロライブ】,2022-06-16,0,
2VB_eotI0ME,WAO!!,2022-06-17,2,
h8_0PZb_Qt4,【 推しカメラ #Shorts 】みこあやねね♡ 花ハ踊レヤいろはにほ Dance ver. #さくらみこ3D新衣装 【ホロライブ/さくらみこ】,2022-06-14,1,
LrYbhOOS_yo,infection - Yatogami Fuma (original rap),2022-06-17,0,
PyAixTkD4YY,Drain／天音かなた(cover),2022-06-17,1,
U3eeZIwwAcc,Mantra Hujan,2022-06-19,2,
XsOZqIm5Uzg,AKUMA,2022-06-18,2,
MT5F4GzNNQw,ミッドナイト・ランナウェイ,2022-06-18,2,
5gvqLqJW_g8,Palette,2022-06-18,2,
uNArbfUbT64,FACT,2022-06-18,2,
3tQBa6eQFkE,born to be real,2022-06-18,2,
_1N-qTSPsHo,マイロア,2022-06-18,2,
ID3YDDllrZU,全力ジャンピング！,2022-06-20,2,
Y533QNpgQtA,『ミステリと言う勿れ』主題歌 カメレオン / King gnu『covered by 律可』歌ってみた,2022-06-19,1,
j1Bu3j32_1U,臨界ダイバー / 猫又おかゆ(cover),2022-06-19,1,
qgVPqPYGoTU,【#いろはにコラボ】祝！恋情詩歌リリース記念3Dコラボ配信！,2022-06-19,5,
-8QcF1vZ0CY,Takanashi Kiara PERFORMS 「Heart Challenger」 Live @Dokomi 2022,2022-06-19,0,
ytcMLL-pjzQ,【オリジナルMV】「ナイショの話／ClariS」【神楽めあ/湊あくあ】,2022-06-19,1,
F5cE8HqZXSM,Midnight Grand Orchestra「Overture」Teaser,2022-04-28,3,
uVH-21oI4Do,キミソラキセキ / 鷹嶺ルイ(cover),2022-06-21,1,
r7B5_4mkb5c,オーバード,2022-06-22,2,
4w8qND6bdhU,サラマンダー / DECO*27 full covered by 桃鈴ねね,2022-06-22,1,
OPu4poR35Dw,濁雨 / ラプラス・ダークネス cover,2022-06-22,1,
yVaQpUUAzik,KINGWORLD/白上フブキ(Original),2022-06-25,0,
qIRKvXbbbsk,【original】リリカルMonster【白銀ノエル/ホロライブ】,2022-06-25,0,
8fLie0tmhcA,Kobo Kanaeru - Tondemo Wonders (Cover),2022-06-25,1,
y-ghIF4kIto,tai,2022-06-24,0,
kFaie-Tp1Jw,[ORIGINAL SONG] Villain Vibes feat. Mori Calliope | AmaLee,2022-06-25,0,
vSXJ-FN_JZQ,「さくらんぼキッス～爆発だも～ん～」不知火フレア×KOTOKO（Cover）【歌ってみた】,2022-06-24,1,
SQpvn0UUj1k,リリカルMonster,2022-06-26,2,
Hobpv9uvV5U,流れ星☆キラキラ,2022-06-24,2,
RZ_JP2_jqMw,【＃バカタレ共】バカタレ共２周年！まだまだ終わらない：After配信【ホロライブ/白上フブキ/不知火フレア/角巻わため】,2022-06-26,3,
401XjyJ99qE,【オリジナル楽曲MV】Find It【ホロスターズ】,2022-06-26,0,
EUX9riyCm6o,Find It,2022-06-27,2,
OH1pzQNO0Vc,【 歌ってみた 】フラジール / ぬゆり【 covered by 羽継烏有 】,2022-06-23,1,
krlr_ucg2YU,[ORIGINAL SONG] Holy 嫉妬 - Mori Calliope,2022-06-27,0,
mz410SPf0t4,進め↑BAKATARATION/バカタレ共(original),2022-06-26,0,
jhv-FKRUBYg,Holy嫉妬,2022-06-27,2,
CQF46f6e9NY,【NEW SONG PARTY】I'm Trapped in the Closet.,2022-06-27,5,
gKU20O0eHcM,絶望さん / めいちゃん『covered by 律可』歌ってみた,2022-06-28,1,
-QniqeQ5pAc,WAO!!踊ってみた♪サビを一緒に踊ってみてね！ #Shorts 【博衣こより/ホロライブ】,2022-06-27,6,
pj9yqqTYa-E,One Step at a Time,2022-06-29,2,
-EHqt_WtpGA,【ミニオリジナル】羊のブランケット【角巻わため/ホロライブ４期生】,2022-07-01,0,
KjWe0jEwc_M,アデュー、サロー,2022-07-01,2,
ShXmOdYGuG8,キャットラビング / 常闇トワ×猫又おかゆ(cover),2022-07-01,1,
j_BBzpKw95c,【オリ曲】オーバード踊ってみた♪ #shorts,2022-06-30,6,
7alt3xkfVNI,【cover】ボッカデラベリタ【歌ってみた/ときのそら】,2022-06-29,1,
bmZeMkacXkc,【重大告知】歌枠✨僕史上初の発表です！！わ～～！！【猫又おかゆ/ホロライブ】,2022-06-30,3,
KNBdITatp8Y,【English Cover】Animal by Takanashi Kiara & Pavolia Reine,2022-07-02,1,
6qK5cURIbEI,【HoloCure】べーちゃんお迎えしたい！【角巻わため/ホロライブ４期生】,2022-06-30,5,
6xZO1pqnT6Q,ライブのダンスリハしてるやつ撮られてたW #shorts,2022-06-29,6,
qzZKzywC8Zc,3Dのアレを隠し撮り！？ #Shorts,2022-06-29,6,
ODdak8_0DCs,【 日清3DLIVE 】Palette/常闇トワ full covered by 桃鈴ねね【 ちらみせ 】,2022-06-30,1,
fiddR-oZta4,[Original Song] AZKi - afterglow,2022-07-03,0,
tEw-Q5X-vck,afterglow,2022-07-04,2,
S6pQUOkqiXo,サマーハイヒール,2022-07-03,2,
ANRmj96j1ew,Color of Drops- 40mp / Covered 風真いろは,2022-07-05,1,
2eP1g07CNSw,踊 / 角巻わため(Cover),2022-07-06,1,
3IBWaldyy-I,【そらのとき】先行配信記念～いろいろしちゃうよ～【#ときのそら生放送】,2022-07-06,5,
z9XrUUek01c,【Sign収録】そらのとき(Short ver.)MV【ときのそらオリジナル楽曲】,2022-07-06,3,
PRamXYKBZdE,「カーニバルハッピー」不知火フレア(Cover)【歌ってみた】［ #shorts ］,2022-07-07,6,
lhvlu2-whlo,「カーニバルハッピー」不知火フレア(Cover)【歌ってみた】,2022-07-07,1,
4XHwssrKr3I,【生誕ライブありがとう！】裏話とかしながら生誕ライブを振り返る【不知火フレア/ホロライブ】,2022-06-20,5,
vqXM0xR_zDs,神っぽいな - ピノキオピー / Covered 風真いろは,2022-07-08,1,
pkWFpUijuMc,ふしぎなくすり / 戌神ころね(cover),2022-07-08,1,
EpaD2zQQJCY,風のクロノア STEPPING WIND/白上フブキ×戌神ころね(cover),2022-07-07,1,
xVxBBffZMrc,はらぱん ぱんぱんぱん,2022-07-10,2,
eAMbIAvXBB0,Delight,2022-07-11,2,
0eKxcDWuE0g,BERSERKER,2022-07-11,2,
SQ1Gk7dfLTU,哀の十界,2022-07-11,2,
hhdsjgtsPDE,ENJOY! JOY!! JOYFUL!!,2022-07-11,2,
r-gVX4QmLl0,【holoID】VSRisu SPECIAL : Mystery Business with @Oga Ch.荒咬オウガ 【Ayunda Risu】,2022-07-09,5,
5qwPLurdPsk,Midnight Grand Orchestra『Highway』Music Video,2022-07-13,0,
0YBJlm9gsYw,Highway,2022-07-13,2,
6VAC-LmZ2-E,シャンティ(SHANTI) - wotaku / Covered by 夜十神封魔,2022-07-13,1,
mDfG11QYZl4,Dekat di Hati | Airani Iofifteen Cover 「歌ってみた」,2022-07-15,1,
84uvWfZqqeg,『フタリボシ』 Ninomae Ina'nis & Tsukumo Sana (Cover),2022-07-15,1,
uEbwKcssDB4,ハンマーソングと痛みの塔 / BUMP OF CHICKEN full covered by 桃鈴ねね,2022-07-15,1,
gvXHAZJpI9w,【プレイバック3Dストリーム】踊 / アステル・レダ,2022-07-14,1,
TJSur7yNKTc,踊 (Bon-Odo Remix)／天音かなた(cover),2022-07-16,1,
s0wL3C891TM,BNA ビー・エヌ・エー Ready to /白上フブキ(cover),2022-07-16,1,
5Tc8hTqq46w,ララララビット！！,2022-07-18,2,
-n9VNs5LSrE,自分勝手Dazzling,2022-04-28,2,
ogvoCl9qJ2k,チキチキバンバン / 角巻わため(Cover),2022-07-19,1,
GTGzjg6onwo,【ゆるスタ2周年】風になる / 歌ってみた【花咲みやび/アルランディス/岸堂天真/ホロスターズ】,2022-07-16,1,
yBQ5SVLVot4,赤くならないで,2022-07-19,2,
WCJ22SU5sBs,[MV] NEGI☆U - Yokubari Cute Girl [Minato Aqua, Oozora Subaru, Momosuzu Nene],2022-07-20,0,
MxxqteLgFu4,人生は最高の暇つぶし/夏色まつり(cover),2022-07-21,1,
dMAsgtWV-jo,【cover】少女レイ【歌ってみた/ときのそら】,2022-07-21,1,
r1cKh7SAl6o,ミックスナッツ / Official髭男dism【Covered by 博衣こより】,2022-07-20,1,
tzOXIHGfVFc,[ORIGINAL SONG] Make ‘Em Afraid - Mori Calliope,2022-07-21,0,
nWP8Wmho188,【Cover】シニカルナイトプラン (Cynical Night Plan) / Pavolia Reine × Tokoyami Towa,2022-07-22,1,
UvSKHYzB82M,酔いどれ知らず (Yoidore Shirazu) / Covered by Axel Syrios【歌ってみた】,2022-07-24,1,
IY2kSsj3CGc,【original】絶対忠誠♡なのなのら！【姫森ルーナ/ホロライブ】,2022-07-23,0,
N9M5jX9z5cQ,【ORIGINAL SONG】Harapan PanPanPan【Ayunda Risu & 荒咬オウガ】,2022-07-22,0,
KS6NYbx6Rp4,【Cover】 Heartache (ONE OK ROCK) || Regis Altare,2022-07-22,1,
e2FpdjZ3aM4,ネバギバ夏色ストーリー！,2022-07-23,2,
XCpbgGcxKlw,【 スパチャ読み 】新衣装やオリ曲MVのこととかお話すりゅ！SUPER CHAT READING【姫森ルーナ/ホロライブ】,2022-07-24,5,
vxw5ztDHTMA,キルマー / ラプラス・ダークネス cover,2022-07-26,1,
3q2-OBsD9Ds,【TEASER】TEMPUS 1st Original Song #holoTEMPUS,2022-07-24,3,
Go2JXNF4p2s,Re:Hello world English.ver/ Rikka(律可）【Original MV】,2022-07-25,0,
KlWzYgXfvgU,[ORIGINAL SONG] Kamouflage - Mori Calliope,2022-07-27,0,
jQFxkLtrl3c,毒杯スワロウ,2022-07-25,2,
TcwMO-QU3ak,Like a Phoenix,2022-07-30,2,
d_Gn5yBjVkU,Over Time,2022-07-30,2,
9uyK-EMEDgA,Pray,2022-07-30,2,
dgXrJqaEWc8,Never Ending Midnights,2022-07-27,2,
f9K_n8X4g68,Allegro,2022-07-27,2,
RCxElILN4ws,Rat A Tat,2022-07-27,2,
AtF2T6u8YEU,Tuning (Interlude),2022-07-27,2,
hjepvLX-Gfs,Ryuseigun,2022-07-27,2,
vV-5W7SFHDc,【original anime MV】I’m Your Treasure Box ＊あなたは マリンせんちょうを たからばこからみつけた。【hololive/宝鐘マリン】,2022-07-30,0,
qQTHFf08l5w,Happy Meowthday!!,2022-05-18,2,
3XDMzK-U0fg,そらを超えて,2022-05-18,2,
O0aSJdN3mVY,オーバード / 鷹嶺ルイ(official),2022-07-28,0,
JgIiJ2HDg1w,【歌ってみた】CH4NGE / Giga 【covered by 水無世燐央 Minase rio】,2022-07-26,1,
yaGUBRLIPDM,【？？？？？？】【ホロライブ/宝鐘マリン】,2022-07-28,3,
OAG-0ZmVGKo,Hollow life,2022-07-18,2,
Z6EE_lxHyDE,Lobelia,2022-07-18,2,
ZvkLFSpXrN4,Damage,2022-07-18,2,
zWrkmHKVtMI,記憶ノ色トハ,2022-07-18,2,
UUxu2HE9_rs,Inner Voice,2022-07-18,2,
uFTf3g47bqM,Memories,2022-07-18,2,
2-vyazVOV1Y,群青の後悔,2022-07-18,2,
uG11mcrj1vI,Shiny Smily Story -ERROR arrange-,2022-07-18,2,
wbdnO13ZoyI,Say So/Doja Cat(Japanese Version) / Covered by Nabi&Amelia,2022-07-31,1,
OHhNPgKXrsc,I’m Your Treasure Box ＊あなたは マリンせんちょうを...,2022-07-31,2,
BZvTGdsQLxc,新衣装おうち3D！振り返りや、サプライズがあった話【ホロライブ/宝鐘マリン】,2022-07-31,5,
1qMu1sAyQS4,【プレイバック3Dストリーム】連なるモノローグ/ 奏手イヅル,2022-08-01,0,
ixSjzx0Q5x4,【original MV】ベイビーダンス / さくらみこ,2022-08-01,0,
7tptt6ghUfU,Re:Hello world,2020-09-08,2,
NkBq2bYuvJI,DECO*27 - Zombies feat. Hatsune Miku,2022-07-29,0,
w9yyouvMdEc,ゾンビ,2022-07-29,2,
UZP72Tt4ebM,アデュー、サロー / 猫又おかゆ,2022-08-02,0,
PCLWZuxW29E,４周年ライブアフタートークするぞ！ツインテールも実装きちゃ🎉🌸【ホロライブ/さくらみこ】,2022-08-02,5,
QCrcRLdNaUU,ベイビーダンス,2022-08-02,2,
4-1KwMFQBog,POP-TALK,2021-12-25,2,
04X42qloONk,Dan Dan,2022-08-05,1,
IsTij69xLBc,【オリジナルソング】petrichor / AZKi,2022-08-05,0,
j6GgAP-UCPI,petrichor,2022-08-06,2,
hgsXWcS6zQM,【歌ってみた感想会】ハモリのわからない男たちの戦いが、そこにはあった。【岸堂天真/ホロスターズ】,2021-03-14,5,
36FeFsqM72A,【歌みた感想雑談】可愛くなりたいの感想とか話したい!!【花岸/ホロスターズ】,2020-09-10,5,
9qSGu8UAnRY,【1万人記念枠】初のソロ歌ってみたの感想や裏話、素材紹介します!!【岸堂天真/ホロスターズ】,2020-07-14,5,
8D5BQVhaF6c,【歌ってみた】Mrs Pumpkinの滑稽な夢 影山シエン/夕刻ロベル【ばぶどん】,2021-11-25,1,
B0-mDEzbzl4,【歌ってみた】らしさ / Covered by 夕刻ロベル,2021-09-26,1,
zOLKpLD68JQ,【ウマ娘】男性Vtuberだけで「うまぴょい伝説」歌ってみた【ウマ息子】,2021-05-21,1,
4wqpyWJOJ6M,【歌ってみた】Paintër / halyosy covered by HOLOSTARS【9人歌唱】,2021-01-03,1,
tJ9Uq8z_pug,【歌ってみた】チキンライス / Covered by 夕刻ロベル,2020-12-24,1,
DhCAL_P2YL4,【記念枠】1周年記念！！デビューから1年が経ったらしい【ホロスターズ/夕刻ロベル】,2020-12-24,5,
dgoKXK-jOTQ,【半年記念】三人揃っての半年記念放送！－SunTempo結成記念－【SunTempo】,2020-06-29,5,
rNz4snBiPJ8,【記念枠】夕刻ロベルの誕生日（残り1時間）を全力で祝う枠【ホロスターズ/夕刻ロベル】,2021-09-26,5,
ghk4QRMgJvw,『風のさかな』ライブ【ホロスターズ/夕刻ロベル】,2020-06-17,5,
mcQs0iQE0bs,[Original] 特者生存ワンダラダー!! - 天音かなた,2021-08-19,0,
oB7FrWl2jAI,特者生存ワンダラダー！！,2021-08-19,2,
kK8ajwVjBEI,至上主義アドトラック／天音かなた＆桃鈴ねね,2021-11-12,1,
23nEnPOXLEk,[MV] Amane Kanata, Tokoyami Towa - madoromi [Deep Insanity ASYLUM theme song],2021-10-13,0,
08zYuyX3mRo,[Blu-ray Pre-launch] hololive IDOL PROJECT - Taisetsu Photographs [Bloom, Digest MV],2021-08-24,0,
bS_qxC5_quM,コールボーイ 彼方くん.ver,2021-07-29,1,
9lpIj8vAJC0,ソーラン節(フル),2021-07-29,0,
0ziNItsX3iQ,アディショナルメモリー／天音かなた(cover),2021-07-10,1,
nK4v-Xjx7mM,SORAN BUSHI Remix.ver AMANE KANATA,2021-07-05,0,
5L8eoqaZ6WU,Song of the beginning towards the end / AmaneKanata(cover),2021-07-01,1,
k7cpjmkc1Rw,hololive 4th Generation - Kiseki knot [Original song],2021-06-25,0,
USrIMGRBA78,ヒバナ／天音かなた(Cover),2021-04-22,1,
S-VngJTUdmE,うっせぇわ／天音かなた＆常闇トワ(Cover),2021-04-15,1,
_kT4a8IzM70,【MV】秒針を噛む／天音かなた(Cover),2021-02-25,1,
8HylJNyMuzU,アウトサイダー／天音かなた(Cover),2021-01-02,1,
YcfZziSg0cg,三つ葉の結びめ／AZKi & 天音かなた(Cover),2020-09-16,1,
TyILqS4nF3M,chocolate box／角巻わため×天音かなた(Cover),2020-09-05,1,
-BI2YFYWnjc,【1人2役】獣ゆく細道／天音かなた(Cover),2020-06-07,1,
tGXZNHNhI0I,馬と鹿 - 米津玄師／天音かなた(Cover),2020-04-18,1,
pYdoAOzMXDo,愛言葉Ⅳ／天音かなた(cover),2022-08-07,1,
b3jcNR2_PF4,【全部僕の声で】ソーラン節【天音かなた/ホロライブ4期生】,2020-02-14,1,
FzwYKoKN_KE,ゴーストルール／天音かなた(Cover),2020-01-18,1,
kd_UlIV5wCk,【PP雑談】１人２役で獣ゆく細道！収録秘話や歌詞解釈【天音かなた/ホロライブ4期生】,2020-06-08,5,
BStNtSZBG1g,【プレミア投稿同時視聴】米津玄師さんの「馬と鹿」歌ってみただよおおお一緒に見よ！！【天音かなた/ホロライブ4期生】,2020-04-18,5,
p4ayN8PS4mU,僕、居ます。,2021-02-14,0,
NV63b4Pj6wU,Poka Poka KANATA【Hololive】,2021-02-08,1,
ISzyLP-R6no,かなた増殖中,2021-02-06,1,
jMA46qg4MLE,Acappella PUI PUI モルカー,2021-01-27,1,
nzBqCYxgZvQ,The disappearance of Hatsune Miku -DEAD END-初音ミクの消失,2021-01-09,1,
dPJ4VLowoMA,劣等上等/天音かなた(VARK LIVE version）,2020-12-28,1,
0c_tlNO5jO4,Ievan Pol KANATAN,2020-12-18,1,
ZKPByI95hH8,【同時視聴】歌ってみたコラボ投稿だあああ！！！【AZKi＆天音かなた/ホロライブ】,2020-09-19,5,
D3J9lelNdCw,Kanataso ochame-kinou,2020-08-29,1,
kXT8nhDNA1Y,2/19 19:00 プレミア公開,2021-02-18,6,
GOvI5MjBk7c,ダンスレッスンの課題曲踊ってみた,2021-02-20,6,
brvecBPuzBA,2/25 19:00 公開！！,2021-02-25,6,
W9pplBhP2jc,nyanyanyanyanya,2021-03-06,1,
RcLmqkNmxWk,ダダダダ天使,2021-03-23,1,
_IAAPHkmVYQ,Ahoy! Sad.version,2021-04-30,0,
aZLAX8FF1hs,星野源さんの「恋」,2021-05-21,1,
3lhoRzJoDdE,【キセキ結び】リリースされました【天音かなた/ホロライブ】,2021-06-25,5,
De1u5x78AAM,07/10 (sat) pm8:00,2021-07-08,6,
YPPQ3yZQZEU,OMGGGGGGGG #shorts,2021-08-21,6,
zYzahDoLwyU,春を告げる #shorts,2021-08-23,1,
bcIHf4rU0e0,#shorts 花に亡霊,2021-09-04,1,
ZtjsnKzrRH8,アウトサイダー歌ってみた #shorts,2021-09-07,6,
bbYReCtSBbk,adrenaline!!! / TrySail (covered by しぐれうい＆大空スバル),2021-08-29,1,